ImageName,CellType,BoxX,BoxY,BoxW,BoxH,Area,Perimeter,Circularity,AspectRatio,MeanBlue,MeanGreen,MeanRed,GroundTruth_Label,IoU_Score
BloodImage_00001.jpeg,GlobuloBianco,76,325,195,147,15514.0,661.553,0.445455,1.32653,216.429,144.154,160.787,GlobuloBianco,0.8017733273663011
BloodImage_00001.jpeg,Piastrina,475,467,3,6,6.5,12.2426,0.544971,0.5,155.462,153.308,178.308,Rumore,0.0026189436927106066
BloodImage_00001.jpeg,Piastrina,481,465,3,7,6.5,14.2426,0.402663,0.428571,159.286,153.929,175.214,Rumore,0.0030554343081623746
BloodImage_00001.jpeg,Piastrina,576,456,9,5,13.5,21.0711,0.382094,1.8,184.125,163.75,185.292,Rumore,0.0
BloodImage_00001.jpeg,Piastrina,53,423,5,9,15.5,21.8995,0.406138,0.555556,181.154,149.308,172.308,Rumore,0.0
BloodImage_00001.jpeg,Piastrina,48,391,7,11,15.5,31.5563,0.1956,0.636364,182.167,159.7,177.133,Rumore,0.0
BloodImage_00001.jpeg,Piastrina,468,331,5,7,17.5,18.2426,0.660804,0.714286,150.667,136.407,170.037,Rumore,0.005028735632183908
BloodImage_00001.jpeg,Piastrina,440,328,4,4,6.5,10.2426,0.778573,1.0,159.667,157.25,178.25,Rumore,0.0017582417582417582
BloodImage_00001.jpeg,Piastrina,422,323,8,9,46.0,26.4853,0.824059,0.888889,155.407,155.237,171.017,Rumore,0.007912087912087912
BloodImage_00001.jpeg,Piastrina,45,323,18,19,82.0,62.7696,0.261532,0.947368,172.917,167.743,180.266,Rumore,0.0
BloodImage_00001.jpeg,Piastrina,190,320,6,11,22.5,25.8995,0.421512,0.545455,190.686,169.4,181.657,Rumore,0.0018460505705974492
BloodImage_00001.jpeg,Piastrina,90,241,13,12,45.0,38.9706,0.372348,1.08333,163.492,146.175,170.984,GlobuloRosso,0.013978494623655914
BloodImage_00001.jpeg,Piastrina,87,229,20,16,85.5,67.8406,0.233451,1.25,168.825,154.202,171.833,GlobuloRosso,0.02867383512544803
BloodImage_00001.jpeg,Piastrina,201,211,16,17,95.0,52.2843,0.436708,0.941176,155.263,140.331,162.737,GlobuloRosso,0.028428093645484948
BloodImage_00001.jpeg,Piastrina,70,191,21,21,103.5,70.1838,0.264044,1.0,182.358,153.687,174.291,GlobuloRosso,0.03951612903225806
BloodImage_00001.jpeg,Piastrina,395,172,5,3,6.5,10.2426,0.778573,1.66667,184.583,174.417,179.667,Rumore,0.002950432730133753
BloodImage_00001.jpeg,Piastrina,210,167,3,5,6.0,10.8284,0.643029,0.6,132.583,136.583,164.583,Rumore,0.0015677257525083612
BloodImage_00001.jpeg,Piastrina,0,137,7,13,45.0,30.1421,0.622407,0.538462,158.136,133.949,158.898,Rumore,0.006375153248876175
BloodImage_00001.jpeg,Piastrina,63,119,24,33,241.0,115.882,0.225524,0.727273,165.714,122.017,148.759,GlobuloRosso,0.06480117820324006
BloodImage_00001.jpeg,Piastrina,60,104,8,14,25.0,46.6274,0.1445,0.571429,145.0,118.543,149.478,Rumore,0.009163802978235968
BloodImage_00001.jpeg,Piastrina,559,74,11,16,78.5,41.2132,0.580773,0.6875,152.464,150.845,151.722,GlobuloRosso,0.0199388240625354
BloodImage_00001.jpeg,Piastrina,594,66,15,14,64.0,44.6274,0.403819,1.07143,173.952,128.357,164.0,GlobuloRosso,0.023790642347343377
BloodImage_00001.jpeg,Piastrina,137,56,6,9,28.0,22.4853,0.695939,0.666667,171.026,124.744,158.128,Rumore,0.005368860608470869
BloodImage_00001.jpeg,Piastrina,489,37,17,11,64.5,49.2132,0.334662,1.54545,157.253,134.598,172.77,Rumore,0.0
BloodImage_00001.jpeg,Piastrina,289,24,3,5,5.0,9.65685,0.673765,0.6,161.1,141.8,156.7,Rumore,0.0
BloodImage_00001.jpeg,Piastrina,351,21,8,6,13.0,20.1421,0.402663,1.33333,151.591,151.864,191.727,Rumore,0.006823027718550106
BloodImage_00001.jpeg,Piastrina,343,20,18,16,67.0,57.1127,0.258119,1.125,151.489,121.38,154.63,GlobuloRosso,0.04093816631130064
BloodImage_00001.jpeg,Piastrina,490,17,7,4,5.5,15.0711,0.304288,1.75,160.538,124.308,165.692,Rumore,0.0
BloodImage_00001.jpeg,Piastrina,592,16,9,8,30.5,37.5563,0.271733,1.125,147.25,133.875,156.312,Rumore,0.0
BloodImage_00001.jpeg,GlobuloRosso,0,41,80,39,2360.5,209.983,0.672739,2.05128,156.722,145.795,172.079,GlobuloRosso,0.25128456080254463
BloodImage_00001.jpeg,GlobuloRosso,0,0,40,53,1388.5,165.012,0.640802,0.754717,157.471,151.59,172.171,GlobuloRosso,0.04252380606236825
BloodImage_00001.jpeg,GlobuloRosso,466,0,80,66,4720.5,277.698,0.76922,1.21212,151.912,151.139,179.185,Rumore,0.0002836275969651847
BloodImage_00001.jpeg,GlobuloRosso,163,0,80,80,5537.5,305.698,0.744624,1.0,151.228,147.663,173.517,GlobuloRosso,0.5984848484848485
BloodImage_00001.jpeg,GlobuloRosso,551,13,53,67,2128.0,223.397,0.53583,0.791045,157.863,154.452,175.214,GlobuloRosso,0.08350840336134453
BloodImage_00001.jpeg,GlobuloRosso,524,0,45,65,2321.5,202.184,0.713651,0.692308,160.403,156.388,180.451,Rumore,0.0061643835616438354
BloodImage_00001.jpeg,GlobuloRosso,322,0,75,80,5096.5,315.154,0.644815,0.9375,157.284,151.426,177.119,GlobuloRosso,0.6273408239700374
BloodImage_00001.jpeg,GlobuloRosso,136,24,80,80,5427.5,299.012,0.762837,1.0,149.391,145.982,172.403,GlobuloRosso,0.5269994433104472
BloodImage_00001.jpeg,GlobuloRosso,401,45,28,66,1117.0,186.225,0.404748,0.424242,180.454,167.886,185.263,GlobuloRosso,0.16019417475728157
BloodImage_00001.jpeg,GlobuloRosso,377,31,20,56,899.5,147.698,0.518154,0.357143,169.538,161.382,180.995,GlobuloRosso,0.09979770734996629
BloodImage_00001.jpeg,GlobuloRosso,291,75,80,57,3338.5,363.782,0.317015,1.40351,168.263,160.807,181.142,GlobuloRosso,0.36064536539069914
BloodImage_00001.jpeg,GlobuloRosso,291,52,80,19,1044.0,192.627,0.353569,4.21053,158.164,153.627,176.74,GlobuloRosso,0.155612589490747
BloodImage_00001.jpeg,GlobuloRosso,0,66,80,80,5985.5,336.385,0.664718,1.0,145.4,141.812,168.702,GlobuloRosso,0.5137376036416843
BloodImage_00001.jpeg,GlobuloRosso,559,68,80,80,4901.0,308.024,0.649119,1.0,163.096,159.156,179.29,GlobuloRosso,0.6793867872504687
BloodImage_00001.jpeg,GlobuloRosso,475,100,80,51,1435.0,316.108,0.180464,1.56863,173.663,162.295,181.575,GlobuloRosso,0.3823497911534754
BloodImage_00001.jpeg,GlobuloRosso,238,78,80,80,5104.5,307.296,0.679279,1.0,166.981,160.194,181.407,GlobuloRosso,0.1279317697228145
BloodImage_00001.jpeg,GlobuloRosso,333,92,80,71,4012.5,333.238,0.454064,1.12676,167.732,160.915,181.437,GlobuloRosso,0.4019892884468248
BloodImage_00001.jpeg,GlobuloRosso,464,123,75,80,3845.0,275.137,0.638275,0.9375,161.738,150.628,177.578,GlobuloRosso,0.6974459724950884
BloodImage_00001.jpeg,GlobuloRosso,195,134,80,80,6082.5,340.87,0.657831,1.0,151.946,152.514,178.378,GlobuloRosso,0.2652931854199683
BloodImage_00001.jpeg,GlobuloRosso,64,186,71,47,1397.0,335.764,0.155717,1.51064,180.191,167.136,180.573,GlobuloRosso,0.29901433691756274
BloodImage_00001.jpeg,GlobuloRosso,351,180,75,75,4075.5,273.095,0.686692,1.0,171.611,158.6,182.944,GlobuloRosso,0.517070406573169
BloodImage_00001.jpeg,GlobuloRosso,301,185,80,79,5388.0,334.652,0.604576,1.01266,167.976,160.724,184.629,GlobuloRosso,0.48811787072243346
BloodImage_00001.jpeg,GlobuloRosso,172,188,80,73,4838.0,280.711,0.771539,1.09589,159.799,159.05,180.578,GlobuloRosso,0.6103678929765887
BloodImage_00001.jpeg,GlobuloRosso,562,244,41,46,1116.5,150.326,0.62087,0.891304,184.019,153.699,170.181,GlobuloRosso,0.014239281844915647
BloodImage_00001.jpeg,GlobuloRosso,606,240,29,50,932.0,139.598,0.60099,0.58,165.984,160.929,182.851,Rumore,0.0
BloodImage_00001.jpeg,GlobuloRosso,0,226,80,80,4269.0,360.995,0.411655,1.0,160.761,158.293,179.644,GlobuloRosso,0.12643530694720637
BloodImage_00001.jpeg,GlobuloRosso,471,231,80,80,5993.0,303.113,0.819683,1.0,167.651,164.058,185.735,GlobuloRosso,0.5704099821746881
BloodImage_00001.jpeg,GlobuloRosso,47,250,80,80,4956.5,305.439,0.667632,1.0,158.737,156.907,179.303,GlobuloRosso,0.26022678340749245
BloodImage_00001.jpeg,GlobuloRosso,543,266,76,80,4237.0,434.167,0.282459,0.95,170.024,156.298,175.25,GlobuloRosso,0.0758037435482868
BloodImage_00001.jpeg,GlobuloRosso,539,266,15,46,408.0,109.799,0.425278,0.326087,173.221,158.607,182.308,GlobuloRosso,0.06149732620320856
BloodImage_00001.jpeg,GlobuloRosso,0,282,80,80,4813.0,287.539,0.73153,1.0,163.31,162.593,180.418,GlobuloRosso,0.026840535641190575
BloodImage_00001.jpeg,GlobuloRosso,458,297,80,80,5502.0,354.853,0.549078,1.0,156.674,157.525,183.227,GlobuloRosso,0.8764044943820225
BloodImage_00001.jpeg,GlobuloRosso,599,302,41,80,2680.5,318.184,0.332713,0.5125,166.011,163.163,183.464,Rumore,0.0
BloodImage_00001.jpeg,GlobuloRosso,519,336,80,69,4427.0,333.539,0.500064,1.15942,165.971,155.285,175.709,GlobuloRosso,0.0738255033557047
BloodImage_00001.jpeg,GlobuloRosso,341,379,26,45,739.5,117.154,0.677067,0.577778,178.785,167.046,190.642,GlobuloRosso,0.11795543905635648
BloodImage_00001.jpeg,GlobuloRosso,0,384,63,80,4224.0,257.054,0.803315,0.7875,165.989,155.43,177.177,Rumore,0.0
BloodImage_00001.jpeg,GlobuloRosso,565,451,65,29,864.0,188.51,0.305532,2.24138,181.004,165.296,185.905,Rumore,0.0
BloodImage_00001.jpeg,GlobuloRosso,465,456,60,24,1001.5,167.841,0.446752,2.5,170.602,168.469,188.548,GlobuloRosso,0.199048031155344
BloodImage_00003.jpeg,GlobuloBianco,147,54,173,155,17839.5,671.654,0.496937,1.11613,205.344,140.648,152.082,GlobuloBianco,0.6643625192012289
BloodImage_00003.jpeg,Piastrina,402,448,17,27,126.5,106.811,0.139337,0.62963,153.006,147.047,177.081,Rumore,0.004103967168262654
BloodImage_00003.jpeg,Piastrina,546,446,10,11,34.5,32.3848,0.413378,0.909091,147.143,123.653,157.878,GlobuloRosso,0.014761137949543746
BloodImage_00003.jpeg,Piastrina,556,445,7,6,5.5,21.0711,0.155668,1.16667,138.0,144.875,176.125,Rumore,0.005636070853462158
BloodImage_00003.jpeg,Piastrina,611,439,14,12,66.0,42.9706,0.449171,1.16667,204.535,151.105,165.744,Rumore,0.0
BloodImage_00003.jpeg,Piastrina,416,437,8,7,26.0,22.4853,0.646229,1.14286,173.243,151.135,184.649,Rumore,0.004659289458357601
BloodImage_00003.jpeg,Piastrina,115,423,9,7,17.5,34.7279,0.182344,1.28571,143.088,128.0,156.471,Rumore,0.005664448840136666
BloodImage_00003.jpeg,Piastrina,49,398,6,11,16.0,30.1421,0.2213,0.545455,146.0,143.433,167.0,Rumore,0.008924949290060852
BloodImage_00003.jpeg,Piastrina,375,389,8,7,28.0,21.3137,0.774551,1.14286,188.947,156.053,159.789,Rumore,0.004659289458357601
BloodImage_00003.jpeg,Piastrina,526,385,17,20,98.5,59.3553,0.351339,0.85,179.387,161.024,180.831,GlobuloRosso,0.045625335480407946
BloodImage_00003.jpeg,Piastrina,224,325,5,8,7.5,19.8995,0.238006,0.625,161.118,150.0,179.588,Rumore,0.002898550724637681
BloodImage_00003.jpeg,Piastrina,427,323,3,7,10.5,16.2426,0.500133,0.428571,134.526,148.526,166.737,Rumore,0.001276130286825474
BloodImage_00003.jpeg,Piastrina,242,316,3,11,16.0,21.6569,0.428686,0.272727,132.444,135.296,167.074,Rumore,0.002391304347826087
BloodImage_00003.jpeg,Piastrina,347,276,13,11,87.5,37.5563,0.779563,1.18182,216.61,155.4,171.514,Piastrina,0.13179723502304147
BloodImage_00003.jpeg,Piastrina,559,271,14,12,109.0,42.1421,0.771264,1.16667,212.69,129.426,162.318,GlobuloRosso,0.016600790513833993
BloodImage_00003.jpeg,Piastrina,514,220,5,4,5.0,11.6569,0.462399,1.25,185.636,165.091,180.727,Rumore,0.001976284584980237
BloodImage_00003.jpeg,Piastrina,327,131,4,8,9.0,20.4853,0.269506,0.5,183.526,154.684,178.947,Rumore,0.0029320139270661537
BloodImage_00003.jpeg,Piastrina,352,95,9,10,54.5,30.7279,0.725337,0.9,170.319,147.594,156.188,Rumore,0.008246289169873557
BloodImage_00003.jpeg,Piastrina,5,76,3,4,5.0,8.82843,0.806145,0.75,140.9,140.3,157.1,Rumore,0.0
BloodImage_00003.jpeg,Piastrina,594,70,11,10,65.0,32.1421,0.790631,1.1,166.875,135.825,153.925,Rumore,0.008854543990984464
BloodImage_00003.jpeg,Piastrina,477,56,7,7,15.0,19.3137,0.505324,1.0,181.583,152.458,182.875,Rumore,0.005468139716549492
BloodImage_00003.jpeg,Piastrina,272,17,10,21,116.0,50.9706,0.561085,0.47619,159.1,141.136,163.907,Rumore,0.0
BloodImage_00003.jpeg,Piastrina,591,15,9,9,38.0,34.9706,0.39047,1.0,163.759,148.519,163.37,Rumore,0.006520164211543105
BloodImage_00003.jpeg,Piastrina,292,14,9,8,29.0,28.1421,0.460144,1.125,150.452,120.929,159.881,Rumore,0.0
BloodImage_00003.jpeg,Piastrina,491,11,10,8,48.5,26.7279,0.853142,1.25,177.656,163.262,174.689,Rumore,0.008927575047427742
BloodImage_00003.jpeg,Piastrina,498,0,10,5,21.5,21.8995,0.563352,2.0,145.469,153.844,174.0,Rumore,0.004458811726674841
BloodImage_00003.jpeg,Piastrina,404,0,6,3,5.0,13.6569,0.336883,2.0,161.667,163.333,171.083,Rumore,0.0
BloodImage_00003.jpeg,GlobuloRosso,0,0,80,80,5727.0,332.426,0.651247,1.0,140.742,140.789,168.356,GlobuloRosso,0.016936337517011946
BloodImage_00003.jpeg,GlobuloRosso,332,0,77,37,1477.0,217.397,0.39272,2.08108,160.918,158.079,176.552,Rumore,0.0
BloodImage_00003.jpeg,GlobuloRosso,123,0,80,80,3321.5,305.782,0.446397,1.0,165.801,160.183,177.91,GlobuloBianco,0.06953021362243264
BloodImage_00003.jpeg,GlobuloRosso,459,0,80,75,3166.0,377.966,0.278494,1.06667,166.58,166.177,183.376,GlobuloRosso,0.43208576624868383
BloodImage_00003.jpeg,GlobuloRosso,546,58,30,22,394.0,85.9411,0.670354,1.36364,168.002,164.356,165.497,GlobuloRosso,0.053127263945906784
BloodImage_00003.jpeg,GlobuloRosso,539,0,67,80,3579.5,315.439,0.452067,0.8375,161.584,158.807,179.586,GlobuloRosso,0.33767112983300734
BloodImage_00003.jpeg,GlobuloRosso,269,0,46,56,1960.5,186.184,0.710711,0.821429,152.359,149.413,173.73,GlobuloBianco,0.017439931756788776
BloodImage_00003.jpeg,GlobuloRosso,31,0,80,80,5702.0,327.598,0.667659,1.0,142.515,143.32,170.085,GlobuloRosso,0.03968049471785622
BloodImage_00003.jpeg,GlobuloRosso,421,2,75,75,2567.5,436.09,0.169655,1.0,176.233,168.562,183.827,GlobuloRosso,0.6277201205222631
BloodImage_00003.jpeg,GlobuloRosso,62,55,80,80,5473.0,353.255,0.551136,1.0,147.162,144.478,171.043,GlobuloRosso,0.3766632548618219
BloodImage_00003.jpeg,GlobuloRosso,317,95,55,74,1067.5,286.35,0.1636,0.743243,175.386,167.053,183.349,GlobuloRosso,0.3729155213487264
BloodImage_00003.jpeg,GlobuloRosso,32,109,80,80,5874.5,296.669,0.838757,1.0,142.274,141.521,169.877,GlobuloRosso,0.28544122331952854
BloodImage_00003.jpeg,GlobuloRosso,324,135,80,80,2897.5,308.066,0.383659,1.0,168.472,162.822,182.489,GlobuloRosso,0.3835704011507112
BloodImage_00003.jpeg,GlobuloRosso,399,149,80,69,3936.5,264.953,0.704663,1.15942,172.931,162.988,182.506,GlobuloRosso,0.574468085106383
BloodImage_00003.jpeg,GlobuloRosso,137,209,80,46,2036.5,304.208,0.276537,1.73913,172.765,161.933,181.144,GlobuloRosso,0.06240713224368499
BloodImage_00003.jpeg,GlobuloRosso,41,187,80,80,4537.0,450.108,0.281414,1.0,153.523,153.53,175.156,GlobuloRosso,0.33507488679902475
BloodImage_00003.jpeg,GlobuloRosso,209,216,80,79,3098.0,342.309,0.332243,1.01266,170.803,163.234,186.737,GlobuloRosso,0.1885633270321361
BloodImage_00003.jpeg,GlobuloRosso,524,218,80,79,5156.5,283.439,0.806579,1.01266,180.829,165.911,182.973,GlobuloRosso,0.6245059288537549
BloodImage_00003.jpeg,GlobuloRosso,161,239,80,80,5721.0,357.882,0.561308,1.0,165.466,164.163,185.249,GlobuloRosso,0.1006974716652136
BloodImage_00003.jpeg,GlobuloRosso,447,246,80,80,6065.0,354.284,0.607207,1.0,152.72,155.126,183.135,GlobuloRosso,0.3755416466056813
BloodImage_00003.jpeg,GlobuloRosso,249,263,80,78,4598.5,315.296,0.581283,1.02564,163.211,159.512,188.721,GlobuloRosso,0.45217391304347826
BloodImage_00003.jpeg,GlobuloRosso,0,294,79,58,3665.5,265.782,0.652068,1.36207,161.213,154.768,178.351,GlobuloRosso,0.04430798868219854
BloodImage_00003.jpeg,GlobuloRosso,55,272,25,30,372.5,93.6985,0.533177,0.833333,147.029,148.438,171.538,GlobuloRosso,0.05875440658049354
BloodImage_00003.jpeg,GlobuloRosso,320,281,80,80,3887.5,320.208,0.476448,1.0,168.815,162.737,190.478,GlobuloRosso,0.5883476599808978
BloodImage_00003.jpeg,GlobuloRosso,149,300,73,80,4153.0,339.137,0.453755,0.9125,158.846,158.711,183.443,GlobuloRosso,0.03216312802186252
BloodImage_00003.jpeg,GlobuloRosso,267,314,80,49,3083.5,292.811,0.451938,1.63265,160.507,163.398,191.479,GlobuloRosso,0.2232500345160845
BloodImage_00003.jpeg,GlobuloRosso,623,361,17,49,533.5,114.527,0.511127,0.346939,155.787,153.721,177.944,Rumore,0.0
BloodImage_00003.jpeg,GlobuloRosso,0,354,80,80,5044.0,309.823,0.660323,1.0,158.372,156.067,177.829,GlobuloRosso,0.8454849498327759
BloodImage_00003.jpeg,GlobuloRosso,135,362,80,80,4809.0,333.882,0.542098,1.0,158.319,158.156,185.257,GlobuloRosso,0.14418179443646337
BloodImage_00003.jpeg,GlobuloRosso,43,386,80,80,4632.0,320.225,0.567632,1.0,156.174,151.91,176.947,GlobuloRosso,0.4197050721114892
BloodImage_00003.jpeg,GlobuloRosso,372,412,80,66,3350.5,306.752,0.447449,1.21212,169.448,165.092,191.017,GlobuloRosso,0.22004372663798574
BloodImage_00003.jpeg,GlobuloRosso,490,450,24,30,362.0,90.7696,0.552126,0.8,171.27,172.764,190.047,Rumore,0.0
BloodImage_00003.jpeg,GlobuloRosso,519,418,29,62,1573.0,178.142,0.622881,0.467742,155.672,156.254,182.095,GlobuloRosso,0.22695317681390104
BloodImage_00003.jpeg,GlobuloRosso,78,435,80,45,3476.0,246.0,0.721804,1.77778,148.172,147.828,176.112,GlobuloRosso,0.31422960185681126
BloodImage_00004.jpeg,GlobuloBianco,137,154,180,157,17422.5,677.595,0.476848,1.1465,211.417,141.672,157.498,GlobuloBianco,0.7028976495460764
BloodImage_00004.jpeg,Piastrina,474,465,11,9,49.0,31.799,0.608947,1.22222,194.667,194.794,191.794,Rumore,0.002102803738317757
BloodImage_00004.jpeg,Piastrina,439,456,4,6,10.0,13.6569,0.673765,0.666667,156.941,137.412,173.647,Rumore,0.0
BloodImage_00004.jpeg,Piastrina,84,442,9,6,13.0,32.1421,0.158126,1.5,190.393,186.393,182.679,Rumore,0.0
BloodImage_00004.jpeg,Piastrina,88,430,10,9,59.0,30.1421,0.816045,1.11111,180.753,184.096,179.205,Rumore,0.0
BloodImage_00004.jpeg,Piastrina,114,421,10,10,67.0,31.3137,0.858649,1.0,173.78,180.39,177.829,Rumore,0.0
BloodImage_00004.jpeg,Piastrina,380,408,3,11,16.5,22.2426,0.419103,0.272727,142.071,137.893,177.821,Rumore,0.0
BloodImage_00004.jpeg,Piastrina,22,383,10,5,8.0,27.3137,0.134753,2.0,185.571,160.619,179.143,Rumore,0.007918910357934749
BloodImage_00004.jpeg,Piastrina,0,380,20,9,30.0,58.6274,0.109681,2.22222,178.228,159.947,177.825,GlobuloRosso,0.02704412462438716
BloodImage_00004.jpeg,Piastrina,325,365,7,4,11.5,15.8995,0.571664,1.75,172.842,155.316,192.737,Rumore,0.0
BloodImage_00004.jpeg,Piastrina,331,348,29,33,177.0,133.882,0.12409,0.878788,169.004,154.464,180.349,Rumore,0.0
BloodImage_00004.jpeg,Piastrina,420,323,10,9,55.0,31.3137,0.704861,1.11111,183.114,186.8,182.129,Rumore,0.0
BloodImage_00004.jpeg,Piastrina,89,316,8,5,6.5,17.8995,0.254942,1.6,169.2,169.733,181.933,Rumore,0.004676174888940846
BloodImage_00004.jpeg,Piastrina,494,296,6,9,18.5,21.8995,0.484745,0.666667,160.69,161.345,180.828,Rumore,0.00677710843373494
BloodImage_00004.jpeg,Piastrina,487,290,5,8,22.0,18.4853,0.809059,0.625,154.516,159.452,178.065,Rumore,0.0050200803212851405
BloodImage_00004.jpeg,Piastrina,432,255,6,6,14.5,17.0711,0.625254,1.0,166.522,162.043,177.565,Rumore,0.004518072289156626
BloodImage_00004.jpeg,Piastrina,43,235,13,9,30.0,34.9706,0.308266,1.44444,172.587,151.848,172.478,Rumore,0.0
BloodImage_00004.jpeg,Piastrina,465,234,10,10,50.5,30.7279,0.672101,1.0,167.169,146.354,173.492,Rumore,0.002485089463220676
BloodImage_00004.jpeg,Piastrina,0,220,8,37,151.5,80.3848,0.294629,0.216216,173.589,161.484,176.221,Rumore,0.0
BloodImage_00004.jpeg,Piastrina,516,216,17,19,123.0,53.9411,0.531221,0.894737,159.596,126.589,158.719,Rumore,0.0
BloodImage_00004.jpeg,Piastrina,532,212,8,12,18.0,30.1421,0.248963,0.666667,128.031,125.094,157.281,Rumore,0.0
BloodImage_00004.jpeg,Piastrina,365,212,6,6,6.5,17.8995,0.254942,1.0,134.067,156.867,176.0,Rumore,0.0
BloodImage_00004.jpeg,Piastrina,351,206,14,19,65.5,53.6985,0.285448,0.736842,161.191,126.472,158.292,Rumore,0.0
BloodImage_00004.jpeg,Piastrina,539,183,10,5,16.0,24.1421,0.344968,2.0,171.63,122.111,163.444,Rumore,0.006275100401606426
BloodImage_00004.jpeg,Piastrina,637,175,3,13,11.5,26.2426,0.209842,0.230769,155.64,166.72,180.96,Rumore,0.0
BloodImage_00004.jpeg,Piastrina,544,175,9,5,8.5,19.8995,0.26974,1.8,150.722,141.222,169.556,Rumore,0.005647590361445783
BloodImage_00004.jpeg,Piastrina,638,159,2,14,9.0,26.8284,0.157131,0.142857,163.304,173.913,183.826,Rumore,0.0
BloodImage_00004.jpeg,Piastrina,77,134,6,6,6.0,18.4853,0.220653,1.0,165.4,140.467,169.067,Rumore,0.0030727210652099694
BloodImage_00004.jpeg,Piastrina,592,64,15,11,36.0,44.2843,0.230682,1.36364,143.327,117.709,155.745,Rumore,0.0
BloodImage_00004.jpeg,Piastrina,136,62,12,15,125.5,43.5563,0.831286,0.8,189.205,162.253,164.973,Piastrina,0.14705882352941177
BloodImage_00004.jpeg,Piastrina,592,16,5,8,15.0,22.4853,0.372825,0.625,167.538,147.808,161.692,Rumore,0.0
BloodImage_00004.jpeg,GlobuloRosso,0,0,80,80,4883.0,453.823,0.297936,1.0,154.545,148.328,172.487,GlobuloRosso,0.2443024697244207
BloodImage_00004.jpeg,GlobuloRosso,239,0,80,80,5192.0,327.456,0.60847,1.0,153.506,152.807,177.595,GlobuloRosso,0.09752995515094719
BloodImage_00004.jpeg,GlobuloRosso,213,0,53,63,2753.5,211.497,0.773543,0.84127,157.953,154.398,177.04,Rumore,0.0
BloodImage_00004.jpeg,GlobuloRosso,552,0,80,80,4735.0,295.054,0.683482,1.0,154.203,145.223,175.519,Rumore,0.0
BloodImage_00004.jpeg,GlobuloRosso,490,0,80,80,6231.0,313.657,0.795899,1.0,143.232,144.264,175.935,GlobuloRosso,0.026313115919943106
BloodImage_00004.jpeg,GlobuloRosso,32,20,80,80,4640.5,320.267,0.568526,1.0,163.532,157.082,176.699,GlobuloRosso,0.31264460315863596
BloodImage_00004.jpeg,GlobuloRosso,102,25,36,40,650.0,123.397,0.536431,0.9,172.286,166.429,179.408,GlobuloRosso,0.19712890335947905
BloodImage_00004.jpeg,GlobuloRosso,572,32,68,79,4449.0,258.368,0.837522,0.860759,152.698,144.217,174.501,Rumore,0.0
BloodImage_00004.jpeg,GlobuloRosso,420,38,79,80,5232.5,325.154,0.621928,0.9875,156.472,159.869,181.969,GlobuloRosso,0.2564935064935065
BloodImage_00004.jpeg,GlobuloRosso,5,78,80,80,5814.0,371.397,0.529673,1.0,149.675,146.874,171.862,GlobuloRosso,0.5051512130275839
BloodImage_00004.jpeg,GlobuloRosso,369,105,80,80,5330.5,416.894,0.385412,1.0,162.34,158.148,179.763,GlobuloRosso,0.17711489163365182
BloodImage_00004.jpeg,GlobuloRosso,537,131,57,80,2826.0,313.681,0.360915,0.7125,168.915,157.759,179.922,GlobuloRosso,0.41081081081081083
BloodImage_00004.jpeg,GlobuloRosso,58,207,35,17,348.0,93.4558,0.500698,2.05882,179.367,170.388,183.691,Rumore,0.0
BloodImage_00004.jpeg,GlobuloRosso,13,144,80,80,3648.0,433.019,0.244484,1.0,164.674,157.049,176.866,GlobuloRosso,0.31313424180922006
BloodImage_00004.jpeg,GlobuloRosso,501,168,80,80,5625.5,313.296,0.720211,1.0,159.42,153.145,178.308,GlobuloRosso,0.15396353706529595
BloodImage_00004.jpeg,GlobuloRosso,15,187,65,80,2174.5,340.492,0.235697,0.8125,170.999,168.081,182.258,GlobuloRosso,0.044133078205049074
BloodImage_00004.jpeg,GlobuloRosso,306,200,72,62,2738.0,267.054,0.482443,1.16129,160.973,160.233,183.084,GlobuloBianco,0.025623952425780083
BloodImage_00004.jpeg,GlobuloRosso,617,210,23,75,1275.0,180.426,0.492175,0.306667,162.724,158.888,180.44,Rumore,0.0
BloodImage_00004.jpeg,GlobuloRosso,105,232,71,80,3135.0,354.652,0.313215,0.8875,172.57,159.148,181.435,GlobuloRosso,0.1532042453212347
BloodImage_00004.jpeg,GlobuloRosso,461,238,80,76,3316.0,331.078,0.380157,1.05263,164.143,160.01,182.894,GlobuloRosso,0.5229835212489159
BloodImage_00004.jpeg,GlobuloRosso,30,244,80,80,5102.0,399.681,0.40135,1.0,159.56,156.826,180.118,GlobuloRosso,0.18295563916353136
BloodImage_00004.jpeg,GlobuloRosso,286,281,53,68,1514.0,253.137,0.29691,0.779412,176.073,167.899,191.623,GlobuloBianco,0.03594315306580908
BloodImage_00004.jpeg,GlobuloRosso,0,288,80,80,5672.0,296.912,0.808521,1.0,151.178,152.112,176.493,GlobuloRosso,0.8777777777777778
BloodImage_00004.jpeg,GlobuloRosso,294,320,80,80,3354.5,426.978,0.231221,1.0,169.689,168.052,192.206,Rumore,0.0006441223832528181
BloodImage_00004.jpeg,GlobuloRosso,0,343,71,50,2238.0,295.681,0.321679,1.42,162.851,162.711,179.504,GlobuloRosso,0.5499685732243872
BloodImage_00004.jpeg,GlobuloRosso,508,378,69,58,2879.0,217.681,0.763501,1.18966,170.047,164.587,185.324,GlobuloRosso,0.31343984962406013
BloodImage_00004.jpeg,GlobuloRosso,489,402,49,68,2590.0,201.882,0.798571,0.720588,166.927,165.276,185.204,GlobuloRosso,0.26096491228070173
BloodImage_00004.jpeg,GlobuloRosso,283,436,48,44,1279.5,172.184,0.542333,1.09091,161.199,166.079,192.435,Rumore,0.0
BloodImage_00005.jpeg,GlobuloBianco,244,326,194,144,14110.5,796.08,0.279794,1.34722,218.902,146.614,164.407,GlobuloBianco,0.6931837919654599
BloodImage_00005.jpeg,Piastrina,480,465,4,7,11.5,15.0711,0.636238,0.571429,160.632,162.263,181.158,Rumore,0.0021199273167777106
BloodImage_00005.jpeg,Piastrina,475,464,4,8,12.5,17.0711,0.539012,0.5,161.333,162.286,179.048,Rumore,0.0024227740763173833
BloodImage_00005.jpeg,Piastrina,0,443,2,15,10.0,29.6569,0.142876,0.133333,182.2,176.68,178.28,Rumore,0.0
BloodImage_00005.jpeg,Piastrina,115,423,9,8,20.0,36.9706,0.183877,1.125,146.892,141.892,161.676,Rumore,0.0
BloodImage_00005.jpeg,Piastrina,17,409,16,17,148.0,54.2843,0.631137,0.941176,194.802,155.413,152.494,Piastrina,0.21003861003861005
BloodImage_00005.jpeg,Piastrina,156,338,12,27,132.5,70.5269,0.334746,0.444444,176.183,153.091,180.006,GlobuloRosso,0.030494117647058824
BloodImage_00005.jpeg,Piastrina,187,336,13,12,96.5,39.5563,0.775005,1.08333,208.113,139.948,154.852,GlobuloRosso,0.014682352941176471
BloodImage_00005.jpeg,Piastrina,139,316,15,11,84.5,42.0416,0.600769,1.36364,194.495,166.359,164.883,Piastrina,0.1274131274131274
BloodImage_00005.jpeg,Piastrina,33,309,4,10,16.0,20.4853,0.479122,0.4,166.731,149.962,168.385,Rumore,0.004378762999452655
BloodImage_00005.jpeg,Piastrina,135,265,4,8,17.0,17.6569,0.685223,0.5,169.308,129.846,156.731,Rumore,0.003503010399562124
BloodImage_00005.jpeg,Piastrina,147,255,5,6,13.5,15.0711,0.746888,0.833333,160.095,129.714,168.095,Rumore,0.003284072249589491
BloodImage_00005.jpeg,Piastrina,136,254,5,9,10.5,20.7279,0.307106,0.555556,162.55,131.65,157.6,Rumore,0.0049261083743842365
BloodImage_00005.jpeg,Piastrina,214,219,3,9,8.0,18.4853,0.294203,0.333333,143.647,132.824,166.882,Rumore,0.002955665024630542
BloodImage_00005.jpeg,Piastrina,267,188,3,6,5.5,12.2426,0.461129,0.5,158.25,158.333,179.917,Rumore,0.0016992353440951572
BloodImage_00005.jpeg,Piastrina,210,166,3,6,8.0,12.8284,0.610876,0.5,172.333,185.467,183.533,Rumore,0.0019704433497536944
BloodImage_00005.jpeg,Piastrina,204,165,4,8,10.5,17.8995,0.41183,0.5,169.895,183.474,182.579,Rumore,0.003503010399562124
BloodImage_00005.jpeg,Piastrina,540,155,6,14,21.5,37.5563,0.19155,0.428571,160.359,139.974,163.41,Rumore,0.006371359223300971
BloodImage_00005.jpeg,Piastrina,111,86,8,8,22.5,28.7279,0.342597,1.0,165.056,151.167,170.139,Rumore,0.007392007392007392
BloodImage_00005.jpeg,Piastrina,28,80,12,4,5.5,25.0711,0.109958,3.0,184.111,164.889,176.833,Rumore,0.004577531947358383
BloodImage_00005.jpeg,Piastrina,182,76,16,15,119.5,48.0416,0.650642,1.06667,187.227,146.426,144.404,Piastrina,0.18532818532818532
BloodImage_00005.jpeg,Piastrina,560,75,10,12,49.0,36.9706,0.450499,0.833333,151.561,150.121,148.348,Rumore,0.009101941747572815
BloodImage_00005.jpeg,Piastrina,81,44,3,7,7.0,13.6569,0.471636,0.428571,153.714,139.357,162.214,Rumore,0.0024255024255024253
BloodImage_00005.jpeg,Piastrina,70,44,9,7,27.0,22.1421,0.692045,1.28571,159.595,157.703,168.568,Rumore,0.007276507276507277
BloodImage_00005.jpeg,Piastrina,636,21,4,6,11.0,13.6569,0.741142,0.666667,175.444,168.389,172.278,Rumore,0.0
BloodImage_00005.jpeg,Piastrina,592,15,10,9,64.0,30.4853,0.865385,1.11111,171.266,172.873,168.418,Rumore,0.0
BloodImage_00005.jpeg,Piastrina,180,0,10,28,134.5,64.5269,0.405929,0.357143,177.466,162.969,174.957,GlobuloRosso,0.030536077810450125
BloodImage_00005.jpeg,GlobuloRosso,0,0,80,57,3694.5,275.698,0.610797,1.40351,143.666,147.705,171.169,GlobuloRosso,0.05138402799872733
BloodImage_00005.jpeg,GlobuloRosso,439,49,42,31,880.5,127.355,0.682189,1.35484,176.303,155.259,176.585,GlobuloRosso,0.09780649038461539
BloodImage_00005.jpeg,GlobuloRosso,401,0,80,76,2547.0,305.882,0.342082,1.05263,165.816,164.087,181.847,GlobuloRosso,0.24478178368121442
BloodImage_00005.jpeg,GlobuloRosso,247,0,80,80,6116.0,354.627,0.611129,1.0,146.295,148.5,176.739,GlobuloRosso,0.24190786791683652
BloodImage_00005.jpeg,GlobuloRosso,57,0,80,80,5470.5,306.042,0.733966,1.0,149.979,152.439,175.275,GlobuloRosso,0.42811077389984825
BloodImage_00005.jpeg,GlobuloRosso,311,6,80,80,4383.0,405.681,0.334666,1.0,160.24,151.869,177.127,GlobuloRosso,0.47183098591549294
BloodImage_00005.jpeg,GlobuloRosso,184,10,80,80,4434.5,465.037,0.25768,1.0,164.96,160.197,177.091,GlobuloRosso,0.4601226993865031
BloodImage_00005.jpeg,GlobuloRosso,60,77,27,38,759.5,118.527,0.679366,0.710526,177.177,171.805,181.591,GlobuloRosso,0.09784474537478542
BloodImage_00005.jpeg,GlobuloRosso,60,35,80,63,3466.5,259.154,0.648611,1.26984,156.34,159.17,177.931,GlobuloRosso,0.5349619004930525
BloodImage_00005.jpeg,GlobuloRosso,430,55,76,80,4815.0,268.995,0.836215,0.95,171.852,156.26,177.467,GlobuloRosso,0.4567307692307692
BloodImage_00005.jpeg,GlobuloRosso,568,85,68,62,3392.0,227.882,0.820814,1.09677,161.731,151.257,180.143,GlobuloRosso,0.31978155339805825
BloodImage_00005.jpeg,GlobuloRosso,0,76,80,80,6060.0,314.627,0.769289,1.0,175.532,170.14,182.483,GlobuloRosso,0.5981449933749763
BloodImage_00005.jpeg,GlobuloRosso,529,100,80,80,4914.0,293.74,0.715679,1.0,151.193,152.338,180.693,GlobuloRosso,0.42491268917345754
BloodImage_00005.jpeg,GlobuloRosso,51,109,80,80,4850.0,361.681,0.465907,1.0,175.411,170.448,184.533,GlobuloRosso,0.48034584901128813
BloodImage_00005.jpeg,GlobuloRosso,441,152,80,71,3541.5,389.238,0.293743,1.12676,167.396,155.717,181.258,GlobuloRosso,0.10874156844041698
BloodImage_00005.jpeg,GlobuloRosso,445,143,39,19,415.5,93.8406,0.592924,2.05263,174.199,157.055,176.232,GlobuloRosso,0.0556640625
BloodImage_00005.jpeg,GlobuloRosso,245,168,80,80,4130.5,410.066,0.308677,1.0,165.944,158.871,185.79,GlobuloRosso,0.4295448809623959
BloodImage_00005.jpeg,GlobuloRosso,191,174,80,80,5993.0,307.113,0.79847,1.0,157.096,153.204,181.899,GlobuloRosso,0.5511732401397903
BloodImage_00005.jpeg,GlobuloRosso,49,245,31,19,324.0,87.4558,0.532325,1.63158,179.811,170.044,186.058,GlobuloRosso,0.06447728516694035
BloodImage_00005.jpeg,GlobuloRosso,0,185,51,69,2587.0,207.882,0.752266,0.73913,160.24,147.081,174.568,GlobuloRosso,0.04165294698715838
BloodImage_00005.jpeg,GlobuloRosso,410,187,80,80,6167.5,309.556,0.808797,1.0,158.049,157.324,183.514,GlobuloRosso,0.48112960864638715
BloodImage_00005.jpeg,GlobuloRosso,122,213,80,80,5744.5,300.326,0.800344,1.0,161.179,154.52,179.467,GlobuloRosso,0.5388806339772164
BloodImage_00005.jpeg,GlobuloRosso,62,238,80,80,5188.5,357.782,0.509349,1.0,166.242,156.964,179.14,GlobuloRosso,0.38519839500668746
BloodImage_00005.jpeg,GlobuloRosso,9,243,80,80,3763.5,350.267,0.385481,1.0,173.17,168.532,185.102,GlobuloRosso,0.4471355379599441
BloodImage_00005.jpeg,GlobuloRosso,482,257,71,51,1159.5,249.723,0.233649,1.39216,178.585,170.677,188.664,GlobuloRosso,0.27201021634615385
BloodImage_00005.jpeg,GlobuloRosso,153,312,54,51,1399.5,231.238,0.328902,1.05882,188.456,162.572,181.426,GlobuloRosso,0.2592
BloodImage_00005.jpeg,GlobuloRosso,143,283,52,21,631.0,130.284,0.467149,2.47619,158.315,157.564,179.437,GlobuloRosso,0.10681818181818181
BloodImage_00005.jpeg,GlobuloRosso,0,318,43,80,2543.5,235.154,0.57801,0.5375,158.857,155.11,177.701,GlobuloRosso,0.02044956585247099
BloodImage_00005.jpeg,GlobuloRosso,130,363,72,80,2976.0,306.167,0.398958,0.9,169.52,165.317,189.975,GlobuloRosso,0.22964352720450282
BloodImage_00005.jpeg,GlobuloRosso,495,376,59,80,3381.5,252.811,0.664855,0.7375,165.193,160.744,186.584,GlobuloRosso,0.3545673076923077
BloodImage_00005.jpeg,GlobuloRosso,70,426,38,48,689.5,148.811,0.391267,0.791667,173.015,165.545,181.5,Rumore,0.0
BloodImage_00005.jpeg,GlobuloRosso,97,415,36,59,1501.5,171.012,0.64518,0.610169,158.224,159.124,181.547,Rumore,0.0
BloodImage_00005.jpeg,GlobuloRosso,116,434,80,46,3401.5,277.213,0.556228,1.73913,157.811,160.068,186.28,Rumore,0.0
BloodImage_00006.jpeg,GlobuloBianco,129,197,152,145,15130.5,619.026,0.496186,1.04828,207.21,140.364,151.894,GlobuloBianco,0.7494049642978579
BloodImage_00006.jpeg,Piastrina,115,422,9,8,35.0,33.3137,0.396307,1.125,154.824,132.275,161.745,Rumore,0.005738880918220947
BloodImage_00006.jpeg,Piastrina,503,385,14,15,120.5,44.0416,0.780675,0.933333,192.379,134.129,166.6,GlobuloRosso,0.0129002533978346
BloodImage_00006.jpeg,Piastrina,229,381,17,43,197.0,116.225,0.183263,0.395349,187.049,172.571,192.931,GlobuloRosso,0.07251984126984128
BloodImage_00006.jpeg,Piastrina,420,323,11,9,61.0,32.1421,0.741977,1.22222,186.526,191.184,187.013,Rumore,0.0032792749821130454
BloodImage_00006.jpeg,Piastrina,0,303,3,14,7.5,28.2426,0.118157,0.214286,195.273,178.955,191.455,Rumore,0.0
BloodImage_00006.jpeg,Piastrina,0,279,3,14,17.0,27.6569,0.279289,0.214286,174.323,175.774,183.806,Rumore,0.0
BloodImage_00006.jpeg,Piastrina,76,217,16,14,128.5,46.0416,0.761748,1.14286,196.383,148.893,153.423,Piastrina,0.14414414414414414
BloodImage_00006.jpeg,Piastrina,450,213,13,8,48.5,31.2132,0.625569,1.625,186.871,139.468,161.871,Rumore,0.0096403411197627
BloodImage_00006.jpeg,Piastrina,106,199,11,9,24.5,36.3848,0.232561,1.22222,200.268,130.976,140.805,Piastrina,0.0637065637065637
BloodImage_00006.jpeg,Piastrina,638,162,2,13,6.5,26.2426,0.118606,0.153846,165.7,164.6,181.1,Rumore,0.0
BloodImage_00006.jpeg,Piastrina,547,138,12,17,126.0,49.4558,0.647359,0.705882,190.372,159.568,182.791,Rumore,0.0
BloodImage_00006.jpeg,Piastrina,114,96,7,9,28.0,23.3137,0.647359,0.777778,167.974,154.615,169.974,Rumore,0.005221715706589308
BloodImage_00006.jpeg,Piastrina,563,80,3,5,6.0,9.65685,0.808518,0.6,146.545,131.455,146.455,Rumore,0.0010619469026548673
BloodImage_00006.jpeg,Piastrina,72,64,17,13,134.0,51.799,0.627584,1.30769,172.297,137.911,169.266,GlobuloRosso,0.018317447161210112
BloodImage_00006.jpeg,Piastrina,226,30,12,22,114.5,58.0416,0.427106,0.545455,176.496,162.007,178.617,Rumore,0.0
BloodImage_00006.jpeg,Piastrina,591,15,10,10,35.0,45.799,0.209684,1.0,172.071,152.839,163.196,Rumore,0.007079646017699115
BloodImage_00006.jpeg,Piastrina,347,3,9,10,46.5,30.7279,0.618866,0.9,195.574,146.426,141.623,Piastrina,0.07957559681697612
BloodImage_00006.jpeg,Piastrina,634,0,6,28,57.0,63.3137,0.178685,0.214286,154.239,146.5,175.0,Rumore,0.0
BloodImage_00006.jpeg,GlobuloRosso,104,0,80,48,3084.5,225.64,0.761314,1.66667,153.535,146.991,171.658,Rumore,0.0
BloodImage_00006.jpeg,GlobuloRosso,397,0,80,80,6241.0,316.0,0.785398,1.0,144.099,147.389,176.615,Rumore,0.0
BloodImage_00006.jpeg,GlobuloRosso,523,4,80,76,2888.0,467.22,0.166251,1.05263,180.164,169.936,183.713,GlobuloRosso,0.4304424778761062
BloodImage_00006.jpeg,GlobuloRosso,235,0,80,80,4907.5,287.296,0.747153,1.0,162.737,158.204,179.788,GlobuloRosso,0.019801980198019802
BloodImage_00006.jpeg,GlobuloRosso,523,58,19,26,321.0,74.2843,0.731006,0.730769,177.307,170.983,186.831,GlobuloRosso,0.03497345132743363
BloodImage_00006.jpeg,GlobuloRosso,462,22,64,80,3600.0,268.569,0.627194,0.8,159.211,154.896,180.583,GlobuloRosso,0.14792722934685357
BloodImage_00006.jpeg,GlobuloRosso,523,32,76,74,2419.0,325.622,0.286693,1.02703,172.995,166.561,179.842,GlobuloRosso,0.39815929203539824
BloodImage_00006.jpeg,GlobuloRosso,219,44,68,80,4119.5,352.267,0.417167,0.85,163.578,156.238,179.183,GlobuloRosso,0.26631853785900783
BloodImage_00006.jpeg,GlobuloRosso,623,92,17,53,588.0,125.941,0.465856,0.320755,178.859,169.413,185.731,Rumore,0.0
BloodImage_00006.jpeg,GlobuloRosso,28,75,80,80,6125.5,306.042,0.821846,1.0,148.489,144.294,172.059,GlobuloRosso,0.5203787566899959
BloodImage_00006.jpeg,GlobuloRosso,284,92,76,76,3160.5,289.296,0.474547,1.0,172.657,162.071,184.476,GlobuloRosso,0.386013986013986
BloodImage_00006.jpeg,GlobuloRosso,423,92,80,80,6225.5,314.243,0.792235,1.0,150.632,153.355,180.203,GlobuloRosso,0.13019463440294582
BloodImage_00006.jpeg,GlobuloRosso,74,96,80,80,4379.5,361.64,0.420806,1.0,159.074,151.596,176.594,GlobuloRosso,0.2767060775772661
BloodImage_00006.jpeg,GlobuloRosso,0,118,80,80,5919.0,300.77,0.822225,1.0,144.768,143.774,171.833,GlobuloRosso,0.1425654353072211
BloodImage_00006.jpeg,GlobuloRosso,140,130,80,70,4097.0,274.711,0.68222,1.14286,157.844,142.372,174.914,GlobuloRosso,0.46415250725238294
BloodImage_00006.jpeg,GlobuloRosso,230,139,76,80,3662.0,302.51,0.502863,0.95,164.966,159.612,183.399,GlobuloRosso,0.1454493904167848
BloodImage_00006.jpeg,GlobuloRosso,505,150,80,80,5307.0,341.539,0.571713,1.0,168.097,162.683,184.365,GlobuloRosso,0.5196733481811433
BloodImage_00006.jpeg,GlobuloRosso,86,157,80,80,3354.0,330.995,0.384707,1.0,164.904,148.365,168.61,Piastrina,0.2428125
BloodImage_00006.jpeg,GlobuloRosso,381,163,68,69,4082.5,248.326,0.83194,0.985507,165.399,163.227,184.181,GlobuloRosso,0.43492769744160176
BloodImage_00006.jpeg,GlobuloRosso,524,204,80,80,6099.5,332.385,0.69378,1.0,155.785,153.672,180.368,GlobuloRosso,0.31362467866323906
BloodImage_00006.jpeg,GlobuloRosso,493,243,71,70,4277.5,255.983,0.820311,1.01429,155.702,155.113,181.514,GlobuloRosso,0.353988603988604
BloodImage_00006.jpeg,GlobuloRosso,298,307,67,65,3809.5,238.326,0.842821,1.03077,168.498,157.87,188.528,GlobuloRosso,0.35149313962873285
BloodImage_00006.jpeg,GlobuloRosso,585,305,55,59,1897.0,202.569,0.580943,0.932203,168.913,161.551,182.973,GlobuloRosso,0.04245823532959411
BloodImage_00006.jpeg,GlobuloRosso,0,381,50,13,413.0,114.627,0.394987,3.84615,175.261,161.726,182.459,Rumore,0.0
BloodImage_00006.jpeg,GlobuloRosso,0,318,19,58,656.5,138.527,0.429909,0.327586,179.047,163.675,180.292,Rumore,0.0
BloodImage_00006.jpeg,GlobuloRosso,493,334,63,66,2383.0,279.764,0.382603,0.954545,180.673,160.609,185.65,GlobuloRosso,0.41185595567867034
BloodImage_00006.jpeg,GlobuloRosso,255,338,46,80,2764.0,222.711,0.70027,0.575,163.016,164.43,192.289,GlobuloRosso,0.2942061700526712
BloodImage_00006.jpeg,GlobuloRosso,123,365,64,56,1922.5,240.953,0.416112,1.14286,182.022,165.067,189.424,GlobuloRosso,0.2856687390403316
BloodImage_00006.jpeg,GlobuloRosso,34,382,80,58,3344.0,370.51,0.30611,1.37931,166.215,157.302,183.205,GlobuloRosso,0.13394035365531803
BloodImage_00006.jpeg,GlobuloRosso,369,379,76,78,5120.5,275.296,0.849026,0.974359,160.184,160.148,190.565,GlobuloRosso,0.35437589670014347
BloodImage_00006.jpeg,GlobuloRosso,76,394,78,75,3357.0,346.794,0.350767,1.04,168.797,160.529,184.416,GlobuloRosso,0.3605502551586421
BloodImage_00006.jpeg,GlobuloRosso,513,398,80,80,5500.5,404.953,0.421504,1.0,164.31,163.682,187.654,GlobuloRosso,0.2900563141248168
BloodImage_00006.jpeg,GlobuloRosso,570,401,70,79,5354.5,289.899,0.800634,0.886076,157.958,153.103,183.788,GlobuloRosso,0.5139910228249451
BloodImage_00006.jpeg,GlobuloRosso,148,443,32,37,690.5,115.154,0.654354,0.864865,176.954,168.941,191.163,GlobuloRosso,0.038735058253896205
BloodImage_00006.jpeg,GlobuloRosso,127,424,27,31,409.5,99.8406,0.516237,0.870968,177.637,170.509,190.548,GlobuloRosso,0.0667144906743185
BloodImage_00006.jpeg,GlobuloRosso,0,420,80,60,4526.5,271.213,0.773305,1.33333,151.928,154.314,179.049,Rumore,0.002253423470272144
BloodImage_00006.jpeg,GlobuloRosso,474,431,80,49,3478.5,245.213,0.726966,1.63265,163.587,166.083,188.58,GlobuloRosso,0.027707626812901363
BloodImage_00008.jpeg,GlobuloBianco,59,185,210,197,27947.5,846.164,0.490506,1.06599,212.384,129.2,154.196,GlobuloBianco,0.8806161745827985
BloodImage_00008.jpeg,Piastrina,168,477,9,3,11.5,18.2426,0.434242,3.0,196.381,168.667,189.381,Rumore,0.0
BloodImage_00008.jpeg,Piastrina,462,468,3,6,6.0,12.8284,0.458157,0.5,151.154,152.385,178.385,Rumore,0.001293103448275862
BloodImage_00008.jpeg,Piastrina,223,464,12,11,67.0,34.9706,0.688461,1.09091,193.723,172.988,186.711,GlobuloRosso,0.01680672268907563
BloodImage_00008.jpeg,Piastrina,115,423,3,6,5.5,12.2426,0.461129,0.5,140.083,129.167,160.917,Rumore,0.0
BloodImage_00008.jpeg,Piastrina,120,422,4,8,7.5,17.0711,0.323407,0.5,149.188,127.5,160.875,Rumore,0.0
BloodImage_00008.jpeg,Piastrina,595,413,20,17,142.5,56.5269,0.560421,1.17647,187.485,176.018,186.419,GlobuloRosso,0.03304178814382896
BloodImage_00008.jpeg,Piastrina,322,366,7,5,11.5,17.0711,0.495891,1.4,165.75,161.45,183.25,Rumore,0.0
BloodImage_00008.jpeg,Piastrina,480,338,8,11,50.5,30.7279,0.672101,0.727273,180.492,171.477,184.0,Rumore,0.008471313053523296
BloodImage_00008.jpeg,Piastrina,427,325,3,5,7.5,11.4142,0.723401,0.6,139.714,153.714,174.0,Rumore,0.001443973815941471
BloodImage_00008.jpeg,Piastrina,0,324,6,33,113.0,71.3137,0.279217,0.181818,183.027,156.818,174.419,Rumore,0.0
BloodImage_00008.jpeg,Piastrina,636,273,4,14,31.5,29.0711,0.46838,0.285714,157.37,170.239,186.109,Rumore,0.0
BloodImage_00008.jpeg,Piastrina,457,263,17,10,46.0,45.4558,0.279762,1.7,138.985,138.667,171.621,GlobuloRosso,0.013008876645240282
BloodImage_00008.jpeg,Piastrina,446,261,15,21,95.5,63.6985,0.295771,0.714286,140.145,117.024,148.21,GlobuloRosso,0.024104683195592287
BloodImage_00008.jpeg,Piastrina,636,214,4,20,42.0,43.3137,0.281325,0.2,170.683,171.349,185.397,Rumore,0.0
BloodImage_00008.jpeg,Piastrina,569,181,6,3,5.0,12.8284,0.381797,2.0,168.667,127.167,167.0,Rumore,0.0013774104683195593
BloodImage_00008.jpeg,Piastrina,558,169,6,13,39.5,30.7279,0.525703,0.461538,139.556,122.148,154.593,Rumore,0.005968778696051423
BloodImage_00008.jpeg,Piastrina,379,99,13,14,54.5,42.0416,0.387478,0.928571,166.534,118.918,159.192,GlobuloRosso,0.01752021563342318
BloodImage_00008.jpeg,Piastrina,632,91,8,28,111.0,61.799,0.365233,0.285714,148.571,148.714,174.129,Rumore,0.0
BloodImage_00008.jpeg,Piastrina,560,83,4,6,6.0,14.8284,0.342903,0.666667,155.929,152.071,149.429,Rumore,0.0007547169811320754
BloodImage_00008.jpeg,Piastrina,638,50,2,14,11.0,26.8284,0.192049,0.142857,155.84,152.2,173.0,Rumore,0.0
BloodImage_00008.jpeg,Piastrina,202,47,8,14,49.0,36.9706,0.450499,0.571429,181.121,167.515,178.818,GlobuloRosso,0.011904761904761904
BloodImage_00008.jpeg,Piastrina,12,30,6,5,10.5,15.8995,0.521954,1.2,138.167,124.222,151.833,Rumore,0.0039082855653986455
BloodImage_00008.jpeg,Piastrina,592,15,9,9,36.0,40.1421,0.280745,1.0,131.655,129.164,157.218,Rumore,0.0
BloodImage_00008.jpeg,Piastrina,336,0,8,24,68.0,63.799,0.209938,0.333333,148.969,133.684,163.694,Rumore,0.0
BloodImage_00008.jpeg,Piastrina,247,0,17,3,12.5,35.0711,0.127709,5.66667,147.667,160.8,171.967,Rumore,0.0
BloodImage_00008.jpeg,GlobuloRosso,0,0,80,68,4682.5,282.468,0.737478,1.17647,154.1,146.716,170.79,GlobuloRosso,0.6765946567812859
BloodImage_00008.jpeg,GlobuloRosso,230,27,59,53,2137.0,219.054,0.559645,1.11321,158.702,150.08,176.083,GlobuloRosso,0.3010204081632653
BloodImage_00008.jpeg,GlobuloRosso,365,13,76,67,2110.0,314.853,0.267471,1.13433,171.024,156.28,180.828,GlobuloRosso,0.22197663403852225
BloodImage_00008.jpeg,GlobuloRosso,365,0,80,27,1145.0,204.77,0.34315,2.96296,156.438,160.554,179.895,GlobuloRosso,0.014488138831396274
BloodImage_00008.jpeg,GlobuloRosso,571,0,69,80,3252.0,380.309,0.282545,0.8625,156.664,154.372,177.267,Rumore,0.0
BloodImage_00008.jpeg,GlobuloRosso,113,51,71,29,1047.5,184.811,0.385396,2.44828,169.484,157.732,177.037,GlobuloRosso,0.2188562925170068
BloodImage_00008.jpeg,GlobuloRosso,120,0,64,47,1576.0,206.225,0.465674,1.3617,165.969,158.929,177.057,GlobuloRosso,0.3108108108108108
BloodImage_00008.jpeg,GlobuloRosso,459,0,80,79,5335.0,287.054,0.813613,1.01266,144.861,146.012,176.434,GlobuloRosso,0.5851462865716429
BloodImage_00008.jpeg,GlobuloRosso,552,0,64,80,3060.5,327.238,0.35915,0.8,158.133,157.345,177.36,GlobuloRosso,0.06424505285985362
BloodImage_00008.jpeg,GlobuloRosso,536,0,17,68,685.5,154.87,0.359155,0.25,168.408,147.354,175.887,GlobuloRosso,0.10744269408546364
BloodImage_00008.jpeg,GlobuloRosso,308,5,80,80,5047.5,390.468,0.416021,1.0,156.077,151.337,177.817,GlobuloRosso,0.29059040590405905
BloodImage_00008.jpeg,GlobuloRosso,219,27,80,69,4034.0,270.569,0.692454,1.15942,161.081,153.566,178.552,GlobuloRosso,0.5113053391601748
BloodImage_00008.jpeg,GlobuloRosso,626,52,14,59,504.0,129.941,0.3751,0.237288,151.381,153.154,176.515,Rumore,0.0
BloodImage_00008.jpeg,GlobuloRosso,576,31,49,59,1219.5,210.267,0.346617,0.830508,171.115,163.348,181.718,Rumore,0.0
BloodImage_00008.jpeg,GlobuloRosso,380,57,63,61,3357.5,227.012,0.818705,1.03279,164.634,151.504,180.2,GlobuloRosso,0.36994609164420483
BloodImage_00008.jpeg,GlobuloRosso,128,70,80,80,5867.0,328.083,0.684948,1.0,152.356,149.882,176.448,GlobuloRosso,0.43399638336347196
BloodImage_00008.jpeg,GlobuloRosso,557,112,67,56,2997.5,223.497,0.754091,1.19643,161.49,151.526,180.119,GlobuloRosso,0.2871135598408326
BloodImage_00008.jpeg,GlobuloRosso,169,113,80,80,4324.5,334.953,0.48437,1.0,151.663,150.03,178.559,GlobuloRosso,0.31891891891891894
BloodImage_00008.jpeg,GlobuloRosso,110,122,50,64,2105.5,203.296,0.640185,0.78125,149.723,144.603,173.54,GlobuloRosso,0.04975124378109453
BloodImage_00008.jpeg,GlobuloRosso,250,150,57,57,2263.5,201.983,0.697207,1.0,168.997,154.189,182.479,GlobuloRosso,0.3471153846153846
BloodImage_00008.jpeg,GlobuloRosso,0,174,71,77,4497.0,270.569,0.77193,0.922078,156.408,140.293,171.802,GlobuloRosso,0.42400881057268724
BloodImage_00008.jpeg,GlobuloRosso,576,249,47,47,1410.5,183.782,0.524781,1.0,171.91,162.052,183.982,GlobuloRosso,0.20718735026353619
BloodImage_00008.jpeg,GlobuloRosso,625,227,15,69,433.0,158.083,0.217734,0.217391,159.352,160.364,182.431,GlobuloRosso,0.02054855713392299
BloodImage_00008.jpeg,GlobuloRosso,432,233,77,76,4943.0,272.711,0.835211,1.01316,157.431,151.23,180.739,GlobuloRosso,0.4478114478114478
BloodImage_00008.jpeg,GlobuloRosso,558,263,80,80,4034.0,370.51,0.369272,1.0,160.787,156.735,182.851,GlobuloRosso,0.5223068552774756
BloodImage_00008.jpeg,GlobuloRosso,0,274,50,79,898.0,250.77,0.179447,0.632911,167.524,151.045,173.575,GlobuloRosso,0.07975260416666667
BloodImage_00008.jpeg,GlobuloRosso,413,284,57,80,3474.5,307.924,0.460485,0.7125,150.773,154.834,183.327,GlobuloRosso,0.2297819827231592
BloodImage_00008.jpeg,GlobuloRosso,259,303,80,80,5320.5,290.61,0.791664,1.0,163.221,164.585,193.276,GlobuloBianco,0.027248379458913945
BloodImage_00008.jpeg,GlobuloRosso,586,316,54,80,3881.0,253.456,0.759187,0.675,146.679,149.0,179.226,GlobuloRosso,0.2841698162960359
BloodImage_00008.jpeg,GlobuloRosso,418,333,53,54,1435.5,205.581,0.426823,0.981481,163.55,162.69,189.332,GlobuloRosso,0.2755102040816326
BloodImage_00008.jpeg,GlobuloRosso,472,369,80,73,3895.5,331.439,0.445622,1.09589,157.777,159.841,185.177,GlobuloRosso,0.25380710659898476
BloodImage_00008.jpeg,GlobuloRosso,69,382,76,80,5029.0,290.225,0.750275,0.95,160.188,152.435,180.748,Rumore,0.0
BloodImage_00008.jpeg,GlobuloRosso,270,412,80,60,3330.5,308.267,0.440418,1.33333,161.197,163.45,191.607,GlobuloRosso,0.6111535523300229
BloodImage_00008.jpeg,GlobuloRosso,9,430,80,50,3867.0,256.828,0.736712,1.6,156.005,155.207,178.957,Rumore,0.0
BloodImage_00008.jpeg,GlobuloRosso,481,437,80,43,3318.0,242.0,0.71196,1.86047,144.178,151.667,181.38,GlobuloRosso,0.24
BloodImage_00008.jpeg,GlobuloRosso,175,466,41,14,319.0,93.1127,0.462363,2.92857,177.257,157.936,188.942,GlobuloRosso,0.06226367532140156
BloodImage_00009.jpeg,GlobuloBianco,29,219,223,185,18547.5,784.708,0.378512,1.20541,209.532,144.097,157.495,GlobuloBianco,0.6217597058114299
BloodImage_00009.jpeg,Piastrina,486,476,13,4,23.5,27.8995,0.379389,3.25,188.243,176.378,194.243,Rumore,0.0
BloodImage_00009.jpeg,Piastrina,475,466,10,7,30.0,37.799,0.263858,1.42857,186.383,192.596,190.277,Rumore,0.0
BloodImage_00009.jpeg,Piastrina,332,442,9,25,45.5,59.6985,0.160433,0.36,155.806,160.181,178.653,GlobuloRosso,0.024930747922437674
BloodImage_00009.jpeg,Piastrina,85,442,8,6,6.5,23.8995,0.143003,1.33333,183.611,184.167,180.167,Rumore,0.0
BloodImage_00009.jpeg,Piastrina,88,430,10,9,63.5,29.8995,0.892598,1.11111,190.231,182.949,176.385,Rumore,0.0
BloodImage_00009.jpeg,Piastrina,466,423,12,15,92.5,40.0416,0.724983,0.8,202.527,161.245,163.209,Piastrina,0.1291248206599713
BloodImage_00009.jpeg,Piastrina,114,421,10,11,68.0,32.1421,0.827122,0.909091,182.819,177.735,174.723,Rumore,0.0003010144185906505
BloodImage_00009.jpeg,Piastrina,102,420,10,12,63.5,35.2132,0.643536,0.833333,198.468,174.582,176.152,Rumore,0.0004515216278859757
BloodImage_00009.jpeg,Piastrina,358,405,34,27,202.5,164.61,0.0939121,1.25926,167.073,160.135,182.653,GlobuloRosso,0.05440084835630965
BloodImage_00009.jpeg,Piastrina,185,400,6,5,6.5,15.8995,0.323115,1.2,172.143,123.143,173.286,Rumore,0.003633720930232558
BloodImage_00009.jpeg,Piastrina,384,395,13,12,42.0,48.6274,0.223201,1.08333,175.734,162.141,183.0,GlobuloRosso,0.017105263157894738
BloodImage_00009.jpeg,Piastrina,208,375,17,14,54.5,59.6985,0.192167,1.21429,196.346,124.025,180.025,Rumore,0.0035869303110682422
BloodImage_00009.jpeg,Piastrina,420,323,11,8,59.0,31.3137,0.756124,1.375,186.662,189.351,184.784,Rumore,0.0
BloodImage_00009.jpeg,Piastrina,393,299,7,6,23.5,19.0711,0.811947,1.16667,173.909,167.939,168.515,Rumore,0.0008346250149040181
BloodImage_00009.jpeg,Piastrina,112,293,12,7,44.5,30.7279,0.592248,1.71429,187.305,146.661,175.881,Rumore,0.0012659754039064384
BloodImage_00009.jpeg,Piastrina,80,275,9,9,44.5,27.5563,0.736422,1.0,170.193,120.789,171.895,Rumore,0.0012207619966240655
BloodImage_00009.jpeg,Piastrina,357,268,14,11,71.5,40.0416,0.560393,1.27273,158.404,150.449,176.461,GlobuloRosso,0.018438697318007662
BloodImage_00009.jpeg,Piastrina,352,263,6,7,13.5,17.8995,0.529495,0.857143,169.045,142.182,187.636,Rumore,0.005028735632183908
BloodImage_00009.jpeg,Piastrina,67,263,7,7,15.0,21.3137,0.414938,1.0,181.84,119.44,176.44,Rumore,0.0007384856522787557
BloodImage_00009.jpeg,Piastrina,111,261,11,25,124.0,69.4558,0.323009,0.44,184.506,133.929,175.788,Rumore,0.004144562334217507
BloodImage_00009.jpeg,Piastrina,72,261,3,5,6.0,10.8284,0.643029,0.6,171.417,113.833,174.083,Rumore,0.000226067036411864
BloodImage_00009.jpeg,Piastrina,319,260,9,23,93.5,53.2132,0.414937,0.391304,154.034,150.059,172.203,GlobuloRosso,0.02478448275862069
BloodImage_00009.jpeg,Piastrina,87,260,4,5,5.5,12.2426,0.461129,0.8,170.75,110.5,169.083,Rumore,0.0003014227152158187
BloodImage_00009.jpeg,Piastrina,49,248,11,18,86.5,47.6985,0.477768,0.611111,166.813,130.019,168.206,Rumore,0.0029840848806366046
BloodImage_00009.jpeg,Piastrina,64,240,8,9,27.0,28.1421,0.42841,0.888889,177.675,128.975,168.875,Rumore,0.0010851217747769471
BloodImage_00009.jpeg,Piastrina,94,235,5,5,9.5,13.0711,0.698733,1.0,175.875,116.688,171.125,Rumore,0.00037677839401977333
BloodImage_00009.jpeg,Piastrina,117,223,11,19,102.0,50.6274,0.500079,0.578947,176.192,137.336,179.384,Rumore,0.0031498673740053052
BloodImage_00009.jpeg,Piastrina,132,220,8,11,21.5,29.5563,0.309276,0.727273,176.543,140.914,173.829,Rumore,0.001326259946949602
BloodImage_00009.jpeg,Piastrina,113,214,4,7,12.5,15.0711,0.691563,0.571429,181.35,123.0,176.45,Rumore,0.00042199180130214614
BloodImage_00009.jpeg,Piastrina,94,208,3,5,6.5,11.4142,0.626948,0.6,168.308,121.923,172.077,Rumore,0.000226067036411864
BloodImage_00009.jpeg,Piastrina,72,207,21,17,148.0,57.9411,0.553985,1.23529,181.254,123.879,171.046,Rumore,0.005380395466602363
BloodImage_00009.jpeg,Piastrina,128,204,11,8,51.5,29.8995,0.723918,1.375,182.136,125.545,175.333,Rumore,0.001326259946949602
BloodImage_00009.jpeg,Piastrina,155,198,11,11,60.0,32.9706,0.693599,1.0,181.067,134.493,175.507,Rumore,0.001823607427055703
BloodImage_00009.jpeg,Piastrina,126,192,6,7,20.0,18.4853,0.735509,0.857143,182.448,124.172,172.034,Rumore,0.001966181675186787
BloodImage_00009.jpeg,Piastrina,18,184,4,7,10.0,16.4853,0.462399,0.571429,184.5,144.722,145.444,Rumore,0.0018365472910927456
BloodImage_00009.jpeg,Piastrina,141,176,23,28,253.0,100.083,0.3174,0.821429,184.239,134.414,172.327,Rumore,0.00970581142994936
BloodImage_00009.jpeg,Piastrina,167,173,15,28,236.0,76.7696,0.503204,0.535714,184.559,145.148,178.267,Rumore,0.006329877019532192
BloodImage_00009.jpeg,Piastrina,397,156,4,5,10.5,13.4142,0.733278,0.8,176.278,156.556,179.0,Rumore,0.0011586142973004287
BloodImage_00009.jpeg,Piastrina,563,80,3,6,5.5,12.2426,0.461129,0.5,134.25,125.583,137.583,Rumore,0.0
BloodImage_00009.jpeg,Piastrina,464,56,9,24,35.0,62.2843,0.113376,0.375,174.476,161.063,178.984,GlobuloRosso,0.01879077859939104
BloodImage_00009.jpeg,Piastrina,379,55,4,4,5.5,10.2426,0.658793,1.0,181.455,165.636,183.727,Rumore,0.0023148148148148147
BloodImage_00009.jpeg,Piastrina,384,53,7,6,20.0,21.3137,0.553251,1.16667,179.6,160.533,181.0,Rumore,0.006076388888888889
BloodImage_00009.jpeg,Piastrina,463,48,3,7,5.0,13.6569,0.336883,0.428571,164.333,160.75,175.0,Rumore,0.0018268812527185733
BloodImage_00009.jpeg,Piastrina,597,16,4,7,12.5,16.2426,0.595397,0.571429,118.571,126.619,155.048,Rumore,0.0
BloodImage_00009.jpeg,Piastrina,323,6,8,18,41.0,40.9706,0.306937,0.444444,117.65,121.05,150.983,GlobuloRosso,0.020833333333333332
BloodImage_00009.jpeg,GlobuloRosso,0,0,80,80,5852.5,300.184,0.816163,1.0,138.855,138.5,166.797,GlobuloRosso,0.5799646872967197
BloodImage_00009.jpeg,GlobuloRosso,299,0,80,62,4068.5,271.497,0.693606,1.29032,148.483,147.54,174.094,GlobuloRosso,0.6979405034324943
BloodImage_00009.jpeg,GlobuloRosso,568,0,72,80,4894.5,335.497,0.546436,0.9,156.812,157.885,180.239,Rumore,0.0
BloodImage_00009.jpeg,GlobuloRosso,122,0,80,80,5557.0,357.054,0.547751,1.0,148.908,149.189,174.901,GlobuloRosso,0.17314525681059545
BloodImage_00009.jpeg,GlobuloRosso,428,0,80,80,2934.0,359.823,0.284768,1.0,159.605,157.297,179.575,GlobuloRosso,0.4289706939231813
BloodImage_00009.jpeg,GlobuloRosso,243,0,80,80,3970.0,372.569,0.359408,1.0,152.199,150.003,175.1,GlobuloRosso,0.21637426900584794
BloodImage_00009.jpeg,GlobuloRosso,181,0,80,80,6241.0,316.0,0.785398,1.0,143.218,144.179,173.389,GlobuloRosso,0.3262325015216068
BloodImage_00009.jpeg,GlobuloRosso,350,13,80,49,2374.0,313.966,0.30264,1.63265,163.23,155.63,177.952,GlobuloRosso,0.24850161364684187
BloodImage_00009.jpeg,GlobuloRosso,109,21,80,80,3982.5,378.752,0.348863,1.0,150.717,151.997,175.688,GlobuloRosso,0.1474460242232754
BloodImage_00009.jpeg,GlobuloRosso,488,89,55,24,454.5,172.953,0.190935,2.29167,178.315,165.522,185.518,GlobuloRosso,0.0645682001614205
BloodImage_00009.jpeg,GlobuloRosso,488,33,80,80,2634.5,365.581,0.247709,1.0,157.145,158.917,177.772,GlobuloRosso,0.3458935018050541
BloodImage_00009.jpeg,GlobuloRosso,551,38,80,80,6085.0,321.113,0.741576,1.0,156.942,155.483,177.449,GlobuloRosso,0.03349696794686688
BloodImage_00009.jpeg,GlobuloRosso,183,46,80,80,6149.0,311.799,0.794813,1.0,143.485,145.733,174.425,GlobuloRosso,0.4158544509421702
BloodImage_00009.jpeg,GlobuloRosso,9,57,80,80,4392.0,441.421,0.283247,1.0,158.978,153.09,173.337,GlobuloRosso,0.2910652511034236
BloodImage_00009.jpeg,GlobuloRosso,353,99,69,52,2847.5,243.296,0.604508,1.32692,167.013,155.197,180.522,GlobuloRosso,0.2078554049356969
BloodImage_00009.jpeg,GlobuloRosso,224,85,80,80,3519.5,426.007,0.243701,1.0,161.881,159.545,182.389,GlobuloRosso,0.37398242927379705
BloodImage_00009.jpeg,GlobuloRosso,473,89,80,80,4721.5,341.38,0.509113,1.0,166.315,159.028,182.292,GlobuloRosso,0.41651601706558683
BloodImage_00009.jpeg,GlobuloRosso,43,95,76,80,4717.5,284.468,0.73258,0.95,166.723,159.329,177.672,GlobuloRosso,0.3987931260658533
BloodImage_00009.jpeg,GlobuloRosso,320,118,80,80,5971.0,332.912,0.677016,1.0,155.532,154.475,180.92,GlobuloRosso,0.3707565751361372
BloodImage_00009.jpeg,GlobuloRosso,267,122,80,80,4706.5,375.095,0.420363,1.0,161.631,160.362,184.6,GlobuloRosso,0.399244849380284
BloodImage_00009.jpeg,GlobuloRosso,213,134,80,60,2102.0,421.421,0.148734,1.33333,169.754,167.219,186.329,GlobuloRosso,0.44270103670495936
BloodImage_00009.jpeg,GlobuloRosso,0,143,80,80,4209.5,467.38,0.242159,1.0,171.131,160.807,174.837,GlobuloRosso,0.2226615454134659
BloodImage_00009.jpeg,GlobuloRosso,488,148,80,80,5592.0,317.397,0.697544,1.0,158.905,153.342,180.93,GlobuloRosso,0.6552962298025135
BloodImage_00009.jpeg,GlobuloRosso,115,164,80,71,2736.0,315.137,0.3462,1.12676,183.793,147.241,183.013,GlobuloBianco,0.0856040511212925
BloodImage_00009.jpeg,GlobuloRosso,590,161,50,80,3513.0,254.627,0.680891,0.625,161.713,161.701,185.013,Rumore,0.0
BloodImage_00009.jpeg,GlobuloRosso,359,171,80,80,4626.5,428.409,0.316771,1.0,161.319,156.785,182.9,GlobuloRosso,0.3660524122603945
BloodImage_00009.jpeg,GlobuloRosso,11,193,80,80,4659.0,432.995,0.312275,1.0,167.383,146.122,178.267,GlobuloBianco,0.08081768481102923
BloodImage_00009.jpeg,GlobuloRosso,76,225,63,79,3345.0,324.024,0.40036,0.797468,174.877,139.916,181.603,GlobuloBianco,0.07500904268145647
BloodImage_00009.jpeg,GlobuloRosso,316,232,65,65,3279.5,231.782,0.767112,1.0,158.562,155.257,181.667,GlobuloRosso,0.5058668582375478
BloodImage_00009.jpeg,GlobuloRosso,573,241,67,47,1232.0,276.652,0.20228,1.42553,170.558,165.218,183.893,Rumore,0.00017392816766675364
BloodImage_00009.jpeg,GlobuloRosso,0,280,80,80,2377.0,321.397,0.289172,1.0,154.886,145.276,174.795,GlobuloBianco,0.0668700140778977
BloodImage_00009.jpeg,GlobuloRosso,241,328,50,59,1786.0,214.167,0.489315,0.847458,170.227,170.19,196.515,GlobuloRosso,0.19935126368428166
BloodImage_00009.jpeg,GlobuloRosso,335,331,65,65,3135.0,232.368,0.72962,1.0,171.05,164.898,191.862,GlobuloRosso,0.46326754385964913
BloodImage_00009.jpeg,GlobuloRosso,460,335,80,80,5735.0,289.054,0.862553,1.0,150.551,149.687,180.315,GlobuloRosso,0.48243630333182574
BloodImage_00009.jpeg,GlobuloRosso,163,360,73,68,1916.5,285.522,0.29542,1.07353,176.625,146.767,186.032,GlobuloRosso,0.21955719557195572
BloodImage_00009.jpeg,GlobuloRosso,370,370,73,64,2195.5,344.836,0.232017,1.14062,175.181,162.045,183.54,GlobuloRosso,0.13795379537953795
BloodImage_00009.jpeg,GlobuloRosso,137,378,61,80,2138.0,265.48,0.3812,0.7625,170.871,153.45,184.828,GlobuloRosso,0.43234107512812125
BloodImage_00009.jpeg,GlobuloRosso,322,382,74,52,2127.0,262.167,0.388887,1.42308,164.603,163.532,187.829,GlobuloRosso,0.27165859922947744
BloodImage_00009.jpeg,GlobuloRosso,296,436,47,44,519.5,184.894,0.190962,1.06818,168.231,164.722,182.415,GlobuloRosso,0.22277336860670194
BloodImage_00009.jpeg,GlobuloRosso,495,469,47,11,308.5,100.87,0.381014,4.27273,183.837,164.638,186.986,Rumore,0.0
BloodImage_00010.jpeg,GlobuloBianco,285,258,219,148,16675.0,679.269,0.454142,1.47973,212.52,151.641,161.991,GlobuloBianco,0.551158875644056
BloodImage_00010.jpeg,GlobuloBianco,37,232,144,183,15700.0,635.754,0.488125,0.786885,205.454,137.779,151.807,GlobuloBianco,0.7582872928176796
BloodImage_00010.jpeg,Piastrina,20,476,4,4,8.0,10.8284,0.857372,1.0,146.214,122.714,154.286,Rumore,0.0
BloodImage_00010.jpeg,Piastrina,636,472,4,8,13.5,18.2426,0.509763,0.5,167.043,172.217,184.304,Rumore,0.0
BloodImage_00010.jpeg,Piastrina,93,467,19,13,54.5,54.0416,0.234504,1.46154,181.43,116.797,156.342,Rumore,0.0
BloodImage_00010.jpeg,Piastrina,475,466,4,6,12.5,16.2426,0.595397,0.666667,188.714,191.714,189.714,Rumore,0.00027203944571962935
BloodImage_00010.jpeg,Piastrina,480,465,4,7,10.5,15.0711,0.580913,0.571429,188.833,189.833,187.833,Rumore,0.0003400493071495367
BloodImage_00010.jpeg,Piastrina,362,464,6,8,21.0,20.4853,0.628847,0.75,180.129,139.871,175.935,Rumore,0.0006120471276288274
BloodImage_00010.jpeg,Piastrina,591,443,4,6,5.5,13.0711,0.40453,0.666667,189.167,188.583,180.917,Rumore,0.0
BloodImage_00010.jpeg,Piastrina,100,425,22,41,239.5,136.811,0.160795,0.536585,194.64,120.057,151.09,Rumore,0.0
BloodImage_00010.jpeg,Piastrina,355,403,6,7,22.0,18.4853,0.809059,0.857143,185.258,141.387,179.935,Rumore,0.0007142006903940007
BloodImage_00010.jpeg,Piastrina,284,392,17,12,121.5,48.0416,0.661532,1.41667,184.86,135.825,180.476,Rumore,0.003468974781913718
BloodImage_00010.jpeg,Piastrina,301,380,11,14,82.0,40.6274,0.624288,0.785714,183.31,147.02,185.2,Rumore,0.0026187358647780028
BloodImage_00010.jpeg,Piastrina,302,372,3,5,6.5,12.2426,0.544971,0.6,181.385,151.538,189.077,Rumore,0.00025507167514071455
BloodImage_00010.jpeg,Piastrina,315,366,7,7,25.0,21.3137,0.691563,1.0,189.143,145.057,187.114,Rumore,0.0008332341387930008
BloodImage_00010.jpeg,Piastrina,0,325,8,54,191.0,112.627,0.189215,0.148148,174.804,160.253,175.024,Rumore,0.0
BloodImage_00010.jpeg,Piastrina,546,306,5,6,13.5,15.0711,0.746888,0.833333,132.571,140.857,156.048,Rumore,0.0
BloodImage_00010.jpeg,Piastrina,432,286,24,14,162.0,64.2843,0.492624,1.71429,199.681,158.215,187.492,Rumore,0.005713605523152005
BloodImage_00010.jpeg,Piastrina,416,281,11,7,31.0,33.3137,0.351015,1.57143,188.638,159.0,186.277,Rumore,0.0013093679323890014
BloodImage_00010.jpeg,Piastrina,388,272,8,4,14.0,18.4853,0.514856,2.0,199.652,163.696,189.522,Rumore,0.0005441529069668577
BloodImage_00010.jpeg,Piastrina,0,250,4,13,27.5,27.0711,0.471554,0.307692,159.171,158.146,174.293,Rumore,0.0
BloodImage_00010.jpeg,Piastrina,372,216,9,16,68.5,42.3848,0.47916,0.5625,193.42,172.182,185.977,GlobuloRosso,0.019941836310760283
BloodImage_00010.jpeg,Piastrina,89,166,8,2,6.0,14.8284,0.342903,4.0,167.714,129.857,158.5,Rumore,0.002215759590084476
BloodImage_00010.jpeg,Piastrina,204,165,9,9,49.5,28.7279,0.753714,1.0,178.508,181.762,176.27,Rumore,0.0
BloodImage_00010.jpeg,Piastrina,600,148,4,15,16.0,31.3137,0.205051,0.266667,135.194,138.355,167.0,Rumore,0.0078125
BloodImage_00010.jpeg,Piastrina,0,146,4,7,12.0,15.6569,0.615152,0.571429,142.5,122.55,156.25,Rumore,0.0
BloodImage_00010.jpeg,Piastrina,103,142,5,16,34.5,34.7279,0.359477,0.3125,152.941,132.784,164.922,GlobuloRosso,0.01107879795042238
BloodImage_00010.jpeg,Piastrina,509,141,6,9,17.5,22.7279,0.425724,0.666667,150.036,136.071,167.964,Rumore,0.003896103896103896
BloodImage_00010.jpeg,Piastrina,93,139,8,6,8.5,20.7279,0.248609,1.33333,137.278,147.667,161.333,Rumore,0.006647278770253427
BloodImage_00010.jpeg,Piastrina,400,138,7,6,15.0,18.4853,0.551631,1.16667,192.375,170.583,188.542,Rumore,0.005816368923971749
BloodImage_00010.jpeg,Piastrina,0,131,3,7,10.0,14.8284,0.571505,0.428571,118.611,122.0,147.889,Rumore,0.0
BloodImage_00010.jpeg,Piastrina,560,81,8,10,32.0,24.9706,0.644916,0.8,138.186,130.465,141.721,Rumore,0.003229974160206718
BloodImage_00010.jpeg,Piastrina,635,62,5,21,63.0,44.4853,0.400053,0.238095,144.047,142.976,165.482,Rumore,0.004509582863585118
BloodImage_00010.jpeg,Piastrina,261,40,7,8,26.5,20.7279,0.775076,0.875,184.75,166.167,174.139,Rumore,0.004511278195488722
BloodImage_00010.jpeg,Piastrina,579,30,6,6,17.0,18.4853,0.625182,1.0,187.692,163.0,176.423,Rumore,0.0
BloodImage_00010.jpeg,Piastrina,189,25,10,8,48.0,27.3137,0.808518,1.25,168.787,149.016,150.262,Rumore,0.0
BloodImage_00010.jpeg,Piastrina,594,14,7,9,20.0,24.4853,0.419208,0.777778,133.281,137.0,154.438,Rumore,0.0
BloodImage_00010.jpeg,Piastrina,23,12,6,11,26.5,25.8995,0.496447,0.545455,146.0,130.744,160.308,GlobuloRosso,0.010073260073260074
BloodImage_00010.jpeg,GlobuloRosso,0,0,80,80,5002.0,356.711,0.493994,1.0,159.283,154.578,174.705,GlobuloRosso,0.6271356783919598
BloodImage_00010.jpeg,GlobuloRosso,599,0,41,80,1544.0,289.74,0.231121,0.5125,164.35,159.491,179.732,GlobuloRosso,0.01729355814958928
BloodImage_00010.jpeg,GlobuloRosso,249,0,48,46,749.5,160.953,0.363565,1.04348,176.816,165.365,179.802,GlobuloRosso,0.41895261845386533
BloodImage_00010.jpeg,GlobuloRosso,485,0,61,67,2319.0,318.652,0.286997,0.910448,173.208,162.379,182.622,GlobuloRosso,0.6331184148451015
BloodImage_00010.jpeg,GlobuloRosso,211,0,55,46,1129.0,179.054,0.442524,1.19565,169.112,160.191,177.922,GlobuloRosso,0.4772727272727273
BloodImage_00010.jpeg,GlobuloRosso,18,5,79,80,5250.5,326.267,0.619818,0.9875,161.112,155.122,175.27,GlobuloRosso,0.8320523768858525
BloodImage_00010.jpeg,GlobuloRosso,464,11,55,56,1958.0,197.397,0.631454,0.982143,165.407,156.833,179.12,GlobuloRosso,0.48904414099714194
BloodImage_00010.jpeg,GlobuloRosso,599,17,41,80,1677.0,311.539,0.217129,0.5125,160.309,160.243,180.026,GlobuloRosso,0.09799346710219319
BloodImage_00010.jpeg,GlobuloRosso,523,63,80,49,2186.0,242.368,0.467639,1.63265,160.705,158.343,173.998,GlobuloRosso,0.15275229357798165
BloodImage_00010.jpeg,GlobuloRosso,523,32,23,24,315.5,81.2132,0.601113,0.958333,168.686,165.565,183.119,GlobuloRosso,0.0876468720228644
BloodImage_00010.jpeg,GlobuloRosso,9,62,80,80,5565.0,372.853,0.503037,1.0,159.372,153.725,175.464,GlobuloRosso,0.24358623208253447
BloodImage_00010.jpeg,GlobuloRosso,276,87,50,60,1650.0,262.853,0.300102,0.833333,168.594,165.428,184.789,GlobuloRosso,0.4154549231408392
BloodImage_00010.jpeg,GlobuloRosso,313,85,80,79,5504.5,307.439,0.731831,1.01266,159.802,155.947,181.989,GlobuloRosso,0.7789017341040463
BloodImage_00010.jpeg,GlobuloRosso,411,93,62,75,2216.5,282.007,0.350233,0.826667,173.64,163.293,182.658,GlobuloRosso,0.3354978354978355
BloodImage_00010.jpeg,GlobuloRosso,565,91,75,80,5520.5,323.698,0.662075,0.9375,155.005,156.636,180.689,GlobuloRosso,0.7099365750528541
BloodImage_00010.jpeg,GlobuloRosso,516,102,80,80,6193.5,317.213,0.77347,1.0,158.346,159.31,182.163,GlobuloRosso,0.16123054114158636
BloodImage_00010.jpeg,GlobuloRosso,0,124,80,80,4094.0,438.853,0.267128,1.0,151.765,150.918,173.945,GlobuloRosso,0.146355832351456
BloodImage_00010.jpeg,GlobuloRosso,69,136,80,80,4471.5,390.752,0.36801,1.0,166.092,158.76,177.391,GlobuloRosso,0.5796562935438923
BloodImage_00010.jpeg,GlobuloRosso,577,165,63,80,4346.5,315.983,0.547045,0.7875,154.551,158.093,183.939,GlobuloRosso,0.6786925686093124
BloodImage_00010.jpeg,GlobuloRosso,255,247,20,27,312.5,80.0416,0.612954,0.740741,178.009,154.086,184.963,GlobuloRosso,0.03073170731707317
BloodImage_00010.jpeg,GlobuloRosso,280,194,55,50,2200.0,187.054,0.790131,1.1,169.996,165.178,188.704,GlobuloRosso,0.3808336795457693
BloodImage_00010.jpeg,GlobuloRosso,599,227,41,80,3160.0,238.0,0.70104,0.5125,153.078,155.308,183.64,GlobuloRosso,0.31377748315103304
BloodImage_00010.jpeg,GlobuloRosso,185,241,80,80,5915.0,298.912,0.831915,1.0,154.166,153.253,183.806,GlobuloRosso,0.5272697314219805
BloodImage_00010.jpeg,GlobuloRosso,563,269,77,80,5679.0,308.426,0.750203,0.9625,149.11,153.586,182.26,GlobuloRosso,0.6421345191773208
BloodImage_00010.jpeg,GlobuloRosso,282,361,80,47,2111.5,455.463,0.127907,1.70213,189.191,155.574,194.784,GlobuloBianco,0.06393796656860577
BloodImage_00010.jpeg,GlobuloRosso,174,364,74,62,2790.0,224.652,0.694695,1.19355,166.585,161.433,191.007,GlobuloBianco,0.045442466117459474
BloodImage_00010.jpeg,GlobuloRosso,564,355,76,75,5030.0,290.912,0.746888,1.01333,151.021,154.069,181.287,Rumore,0.0
BloodImage_00010.jpeg,GlobuloRosso,336,378,80,67,2828.0,350.652,0.289026,1.19403,188.166,152.101,195.758,GlobuloBianco,0.09114561191694866
BloodImage_00010.jpeg,GlobuloRosso,410,409,55,46,966.0,224.995,0.239796,1.19565,183.726,155.296,193.644,GlobuloBianco,0.04302208920706719
BloodImage_00010.jpeg,GlobuloRosso,153,394,80,80,4644.0,334.368,0.52198,1.0,156.8,158.861,189.6,GlobuloBianco,0.034619736015084855
BloodImage_00010.jpeg,GlobuloRosso,38,401,80,79,4016.0,367.966,0.372726,1.01266,175.057,142.542,172.058,GlobuloBianco,0.040535062829347386
BloodImage_00010.jpeg,GlobuloRosso,293,442,27,38,565.5,124.527,0.458264,0.710526,163.308,168.571,194.293,GlobuloBianco,0.01279685833742404
BloodImage_00010.jpeg,GlobuloRosso,293,404,80,69,3098.0,300.652,0.430689,1.15942,185.069,149.139,191.588,GlobuloBianco,0.08942029230951615
BloodImage_00010.jpeg,GlobuloRosso,624,429,16,51,367.0,115.598,0.345124,0.313725,171.912,168.493,183.831,Rumore,0.0
BloodImage_00010.jpeg,GlobuloRosso,593,413,38,17,446.0,99.799,0.56272,2.23529,161.132,157.336,179.943,Rumore,0.0
BloodImage_00010.jpeg,GlobuloRosso,201,439,80,41,3075.0,250.142,0.617563,1.95122,157.544,164.754,195.471,GlobuloBianco,0.021419758164020728
