ImageName,CellType,BoxX,BoxY,BoxW,BoxH,Area,Perimeter,Circularity,AspectRatio,MeanBlue,MeanGreen,MeanRed,MeanValue,MinValue,MaxValue,MeanSaturation,MinSat,MaxSat,TextureValue,TextureSat,TextureLaplacian,Hu1,Hu2,Hu3,Hu4,Hu5,Hu6,Hu7
BloodImage_00001.jpeg,Foreground,341,466,30,14,243,75.4558,0.536328,2.14286,187.306,177.737,195.871,195.917,188,203,23.6151,4,36,2.7557,6.22822,2.98247,0.655546,1.79769,2.47241,3.41,6.67705,5.41169,6.406
BloodImage_00001.jpeg,Foreground,559,446,73,34,1192,204.167,0.35935,2.14706,182.762,168.246,187.018,189.38,179,207,28.7158,10,51,4.73265,8.06049,3.66912,0.416695,1.13494,1.6817,2.42309,5.17464,-3.63971,4.48434
BloodImage_00001.jpeg,Foreground,243,428,33,36,372.5,112.468,0.370065,0.916667,202.883,184.079,202.193,204.248,195,212,25.1476,13,38,3.90794,4.93743,3.24469,0.452167,1.06357,2.00745,2.58874,4.95604,3.33206,-5.16882
BloodImage_00001.jpeg,Foreground,285,418,62,62,1202,301.22,0.166474,1,175.847,174.832,193.856,193.856,178,205,28.0519,15,41,4.88573,4.4033,3.18545,0.468853,2.26795,2.06624,2.60281,6.47483,-3.81149,4.93752
BloodImage_00001.jpeg,Foreground,462,411,67,69,2206.5,396.919,0.175999,0.971014,180.056,175.724,190.041,191.035,174,206,22.3717,7,40,4.44507,7.08632,4.12448,0.424596,2.27492,2.33767,4.31188,7.68067,-5.46184,8.00492
BloodImage_00001.jpeg,Foreground,621,383,19,33,209,102.426,0.250341,0.575758,167.875,173.125,186.8,186.8,179,194,26.6784,8,49,3.53293,8.34868,3.19083,0.434778,1.53503,1.46144,2.04905,3.92876,2.81685,3.98441
BloodImage_00001.jpeg,Foreground,0,374,64,101,3053,482.759,0.164617,0.633663,165.724,150.826,173.783,175.874,158,202,37.4023,3,69,7.13046,10.8569,3.57249,0.455659,1.66609,2.04046,3.51596,7.60984,-4.50874,6.29468
BloodImage_00001.jpeg,Foreground,343,371,97,79,4785,323.706,0.573841,1.22785,192.274,185.568,198.037,198.815,182,222,18.7741,0,45,6.85117,9.09767,3.37747,0.696674,1.85455,4.53752,5.87156,-11.3523,-6.89873,-11.1475
BloodImage_00001.jpeg,Foreground,104,361,162,110,7398.5,937.134,0.105864,1.47273,218.263,135.745,153.443,218.263,183,250,95.9704,30,134,10.2501,16.8064,4.78418,0.45759,1.4845,2.72851,3.85287,-8.20942,5.95405,7.14517
BloodImage_00001.jpeg,Foreground,288,349,49,69,1652,227.279,0.401884,0.710145,180.849,175.291,195.573,195.804,186,210,28.1899,11,54,3.61657,5.20336,3.38464,0.634251,1.77508,2.69452,3.07027,5.98145,4.11388,6.40567
BloodImage_00001.jpeg,Foreground,99,331,48,53,1537.5,229.179,0.367855,0.90566,216.099,132.883,153.477,216.099,182,245,97.474,28,131,11.2014,18.4138,5.1605,0.745345,2.7731,3.2541,4.36217,8.38531,5.78938,8.27116
BloodImage_00001.jpeg,Foreground,187,316,15,25,201.5,65.3553,0.59282,0.6,196.557,177.843,188.278,196.722,186,210,24.5652,8,36,5.44226,7.60735,3.98125,0.64241,1.62029,2.87301,3.43961,6.60204,4.28545,-7.37416
BloodImage_00001.jpeg,Foreground,588,302,13,27,155.5,73.3553,0.363142,0.481481,179.186,155.83,174.484,180.766,171,193,35.0372,22,48,5.5571,6.53743,3.96694,0.561568,1.37105,2.41728,3.46666,-6.47609,-4.19188,-6.69536
BloodImage_00001.jpeg,Foreground,421,298,112,83,6033,453.73,0.368255,1.3494,156.634,158.441,183.086,183.087,158,243,41.0109,12,74,6.78813,9.41819,3.63762,0.701777,2.24602,3.97037,3.94739,7.93172,5.13823,8.38441
BloodImage_00001.jpeg,Foreground,0,265,76,100,4448,385.446,0.376225,0.76,163.712,162.011,179.669,179.772,156,209,29.3176,0,55,8.61369,10.5291,3.03362,0.736838,2.61458,3.52008,5.11096,-10.6746,-6.41883,9.42718
BloodImage_00001.jpeg,Foreground,108,249,27,30,275,97.397,0.364294,0.9,178.446,166.342,180.497,183.351,173,202,23.7437,12,39,5.05727,5.09413,3.87038,0.517042,1.46682,1.77456,2.35459,4.44875,3.13332,-4.86662
BloodImage_00001.jpeg,Foreground,529,243,79,163,4424.5,602.056,0.153391,0.484663,171.488,152.597,171.462,176.656,160,208,35.0143,0,70,7.52922,9.74362,3.51306,0.224189,0.612847,1.26555,1.68432,3.19405,2.05684,-3.57408
BloodImage_00001.jpeg,Foreground,0,241,9,34,184,74.9706,0.411383,0.264706,173.414,160.427,177.959,180.932,173,195,28.8045,17,43,4.30009,5.914,3.16834,0.404617,0.908817,2.16895,2.61529,5.03042,3.19825,-5.50627
BloodImage_00001.jpeg,Foreground,47,231,71,90,2505.5,368.777,0.231514,0.788889,161.637,154.032,176.782,177.145,162,241,35.1989,12,62,7.28364,7.39521,4.41888,0.438369,1.27733,2.06106,3.29686,7.82387,4.57956,-5.97586
BloodImage_00001.jpeg,Foreground,608,226,32,114,1460,322.392,0.17652,0.280702,162.941,159.687,181.373,181.379,173,197,32.1144,18,59,3.54268,5.62315,3.04163,0.276849,0.659434,1.71579,2.42823,4.8623,4.56388,4.54566
BloodImage_00001.jpeg,Foreground,469,222,89,82,3528,465.245,0.204821,1.08537,167.306,158.24,182.205,182.827,171,207,35.3612,14,61,3.72635,6.73603,3.00189,0.534178,1.94618,2.28043,2.9716,5.60178,3.9924,-6.45826
BloodImage_00001.jpeg,Foreground,475,201,20,21,230,63.9411,0.706931,0.952381,165.097,167.337,181.372,181.372,175,187,24.2481,17,35,2.19432,3.96698,2.99415,0.7734,3.09223,3.85399,5.1223,-9.61344,-6.66998,10.5422
BloodImage_00001.jpeg,Foreground,345,187,27,29,443,115.74,0.415572,0.931034,177.818,160.605,184.16,185.674,179,206,34.3866,20,47,4.86093,4.47104,3.60765,0.771444,3.07989,3.27309,4.81801,8.88611,6.39511,-9.36652
BloodImage_00001.jpeg,Foreground,64,185,73,53,1242,253.078,0.243681,1.37736,181.316,166.784,180.006,183.98,172,202,24.158,6,52,4.72716,10.0312,3.77441,0.312368,1.14737,1.19318,1.95968,-3.54427,-2.53613,-4.25257
BloodImage_00001.jpeg,Foreground,275,183,64,82,1868.5,503.286,0.0926985,0.780488,171.084,163.696,184.815,185.248,175,197,30.5985,5,58,4.34779,9.18526,2.85123,0.368639,1.24877,1.66474,2.99439,-5.32871,-3.70654,6.15622
BloodImage_00001.jpeg,Foreground,343,180,85,86,3177,332.191,0.361786,0.988372,171.966,159.05,182.053,183.574,168,209,34.469,7,55,4.7398,7.69624,3.15591,0.538131,1.30325,2.51201,2.90356,5.62495,3.62785,-6.21961
BloodImage_00001.jpeg,Foreground,464,100,121,111,5594,588.098,0.203251,1.09009,164.959,153.254,178.048,178.641,159,204,37.1515,6,63,4.78016,9.15494,3.21939,0.547906,2.04636,2.8091,2.71701,5.48727,3.74063,6.22328
BloodImage_00001.jpeg,Foreground,587,87,45,48,1294,164.853,0.598345,0.9375,160.243,153.085,177.192,177.842,167,192,37.5985,6,65,3.76565,9.81969,3.5622,0.745192,2.63501,2.97198,5.57009,9.84152,7.0599,11.2106
BloodImage_00001.jpeg,Foreground,234,77,165,86,5338.5,793.051,0.106666,1.9186,166.769,157.628,178.401,178.907,167,199,31.7273,8,54,3.39121,5.78795,3.27728,0.347359,0.96779,2.41419,3.37371,-6.6565,-4.17018,6.30729
BloodImage_00001.jpeg,Foreground,405,45,27,87,1477.5,222.752,0.374191,0.310345,181.171,166.074,184.292,185.942,174,209,27.2253,4,52,4.3567,7.10397,3.51893,0.42559,0.973571,2.35632,2.60117,5.08485,3.13949,5.90439
BloodImage_00001.jpeg,Foreground,0,45,96,144,5625,724.039,0.134837,0.666667,154.297,140.678,166.364,168.386,132,255,43.0994,7,113,8.73751,11.3969,4.29406,0.464433,1.42737,2.17833,2.87201,-5.59475,-3.62854,5.50905
BloodImage_00001.jpeg,Foreground,552,15,88,84,2435,458.759,0.145391,1.04762,158.309,150.288,172.33,173.113,146,198,34.9863,0,89,7.80682,14.6105,4.22172,0.370601,1.31857,1.93362,3.04135,-5.65989,-3.71584,-5.70072
BloodImage_00001.jpeg,Foreground,340,15,23,27,223,82.4264,0.41246,0.851852,147.846,133.595,161.579,163.896,143,196,49.9228,31,93,8.10028,13.4759,6.61213,0.492711,1.2443,1.86405,2.4175,4.62018,3.16914,-4.86098
BloodImage_00001.jpeg,Foreground,283,9,24,55,678.5,139.64,0.437263,0.436364,168.807,160.214,176.316,176.662,156,189,24.1081,9,37,4.95432,5.6799,3.95767,0.4475,1.02994,2.36532,2.918,5.65035,3.72138,-5.79305
BloodImage_00001.jpeg,Foreground,450,5,98,60,2531,377.362,0.223349,1.63333,153.594,150.335,176.896,176.901,152,235,42.439,13,84,9.1377,10.03,4.28752,0.51617,1.32287,2.57931,3.13558,6.0669,3.86494,6.26308
BloodImage_00001.jpeg,Foreground,133,2,154,260,11865.5,1119.24,0.119028,0.592308,154.905,151.441,175.335,175.632,149,244,38.5707,0,91,7.89386,9.99532,3.53923,0.211017,0.554291,3.63731,3.17742,6.955,3.59189,-6.62836
BloodImage_00001.jpeg,Foreground,536,0,29,36,534.5,117.983,0.482526,0.805556,159.48,148.585,175.283,177.997,170,211,43.628,29,70,6.66942,8.15914,3.57299,0.624195,1.69606,2.38988,3.06813,5.87494,3.9613,-6.05778
BloodImage_00001.jpeg,Foreground,438,0,16,17,190.5,56.7279,0.743894,0.941176,157.239,157.592,176.784,176.784,167,188,32.5321,27,38,4.98202,2.74637,2.52934,0.766646,3.03059,3.16824,5.75826,10.3491,-7.43503,-10.3977
BloodImage_00001.jpeg,Foreground,306,0,90,68,2241.5,382.434,0.192591,1.32353,156.28,148.337,175.185,176.062,164,195,41.6764,18,67,4.42266,7.50418,3.19604,0.353492,1.17582,1.57462,2.33159,4.90731,-3.23991,4.29741
BloodImage_00001.jpeg,Foreground,204,0,51,47,1070,183.539,0.39915,1.08511,157.161,152.83,173.174,173.701,156,194,33.4097,4,68,5.6024,8.65808,3.21036,0.612544,2.07219,2.10832,3.03875,-5.75788,-4.12518,5.76783
BloodImage_00001.jpeg,Foreground,0,0,25,49,742,135.397,0.508623,0.510204,151.177,142.617,168.086,168.183,157,176,39.6446,22,54,3.23826,6.15568,2.96499,0.691031,1.92454,2.8311,4.11981,-7.84326,-5.30043,-7.67874
BloodImage_00001.jpeg,Background,53,477,11,3,15.5,22.2426,0.393703,3.66667,191.926,183.259,188.852,191.926,189,196,11.2593,8,13,2.07143,2.11857,4.24555,0.401084,0.894388,2.42711,3.23414,6.67145,-4.47491,-6.07847
BloodImage_00001.jpeg,Background,432,470,19,10,97,47.799,0.533512,1.9,184.571,183.924,197.479,197.479,190,205,19.0252,13,24,2.60203,3.0991,3.38594,0.621896,1.55634,3.09323,4.29759,9.04228,-5.87668,-7.99474
BloodImage_00001.jpeg,Background,211,461,10,10,68.5,30.7279,0.911662,1,172.108,150.867,168.277,177.157,143,200,39.7108,17,71,15.1622,16.4797,12.1985,0.792312,3.50419,4.4312,7.29572,13.1654,9.18837,13.9342
BloodImage_00001.jpeg,Background,85,441,7,7,30,21.3137,0.829876,1,186.575,176.225,175.8,186.575,177,200,15.7,13,18,5.88595,1.28841,8.62232,0.789603,3.91689,4.37098,7.97602,-14.1495,-9.93447,20.7201
BloodImage_00001.jpeg,Background,88,432,9,7,31.5,22.7279,0.766304,1.28571,186.905,166.19,176.357,186.905,175,201,28.1667,18,36,6.61819,5.00436,8.4247,0.769549,2.53821,5.97806,6.49456,12.872,-8.96409,-12.8912
BloodImage_00001.jpeg,Background,606,420,8,11,50.5,28.7279,0.768941,0.727273,197.594,189.625,186.844,197.594,195,203,13.7656,9,19,1.95831,3.20518,3.0885,0.734835,2.10273,5.07894,6.48223,-12.3066,-7.62467,-12.6322
BloodImage_00001.jpeg,Background,152,399,11,14,69.5,37.2132,0.630668,0.785714,216.14,128.977,148.302,216.14,202,236,102.465,87,119,8.59443,8.86422,4.71888,0.651226,1.654,3.21037,4.22985,8.40783,-5.91745,7.97806
BloodImage_00001.jpeg,Background,163,320,12,5,24,26.4853,0.429944,2.4,202.649,183.162,189.649,202.649,196,209,24.4865,18,30,3.147,3.21837,4.67185,0.610096,1.52982,2.87878,3.71251,7.12195,5.0281,7.20287
BloodImage_00001.jpeg,Background,154,319,8,4,17,17.6569,0.685223,2,202.5,181.615,187.769,202.5,198,212,26.3077,19,35,3.88538,4.56381,6.10316,0.63923,1.5943,3.23932,3.72827,7.21207,4.52729,9.60782
BloodImage_00001.jpeg,Background,499,232,12,16,91,53.4558,0.400185,0.75,162.852,154.696,180.87,180.87,178,184,36.8348,33,39,1.62332,1.21534,2.1416,0.773618,3.07166,3.57035,5.6155,-10.2359,-7.17829,10.6709
BloodImage_00001.jpeg,Background,278,176,11,12,68,44.2843,0.435732,0.916667,168.862,157.46,179.954,179.954,177,186,31.9195,28,37,1.56034,1.78254,2.57805,0.76508,2.66519,4.21786,5.36652,10.3349,7.37588,-10.2863
BloodImage_00001.jpeg,Background,205,163,9,11,58.5,30.7279,0.778573,0.818182,139.397,145.288,171.534,171.534,161,182,47.8356,42,54,4.96586,2.41578,5.39486,0.774089,2.80653,3.52054,5.24776,-9.65541,-6.69329,10.1264
BloodImage_00001.jpeg,Background,616,159,10,13,70,35.799,0.686383,0.769231,195.674,192.407,186.919,195.733,193,201,11.4651,8,14,1.70106,1.65444,3.04964,0.756662,2.52498,3.60879,5.29497,9.84055,6.8474,-9.97453
BloodImage_00001.jpeg,Background,257,145,8,19,56.5,67.8406,0.154269,0.421053,153.694,150.765,177.435,177.435,172,181,41.3529,36,48,2.03179,2.71686,2.70419,0.452671,1.15659,1.71342,1.97741,3.82568,2.57075,4.76528
BloodImage_00001.jpeg,Background,14,76,11,13,56.5,35.2132,0.572595,0.846154,133,135.694,165.903,165.903,162,170,53.375,46,70,2.70883,6.17665,2.82009,0.617201,1.54472,2.80384,3.77768,-7.64637,-4.83809,7.08417
BloodImage_00001.jpeg,Background,374,66,19,17,104.5,52.1838,0.482231,1.11765,171.389,163.183,177.492,177.54,172,185,20.5556,14,32,2.7964,3.94919,3.75949,0.485159,1.09792,2.87408,3.16565,6.18642,3.72966,7.37866
BloodImage_00001.jpeg,Background,0,64,14,14,103,49.4558,0.52919,1,156.664,145,167.504,167.888,164,179,35.808,29,46,2.11364,3.75168,2.80635,0.777258,3.2241,3.7704,5.94512,-10.9643,-7.56128,-10.943
BloodImage_00001.jpeg,Background,350,7,16,21,127.5,65.6985,0.371201,0.761905,142.363,139.006,165.86,165.86,154,176,45.5987,33,76,5.09209,8.84895,6.1163,0.458097,1.22602,1.93532,2.41193,4.64802,3.4636,-4.88656
BloodImage_00001.jpeg,Background,67,5,5,7,17.5,17.0711,0.754617,0.714286,184.231,183.038,177.577,184.692,182,188,9.65385,8,12,1.97619,1.54278,4.43827,0.724638,2.08895,3.44788,4.20247,8.04169,5.24768,8.62918
BloodImage_00001.jpeg,Background,494,1,12,10,45,33.799,0.495011,1.2,140.283,138.283,166.317,166.317,159,173,45.5667,36,59,3.64916,7.28324,4.92172,0.665308,1.71941,3.2979,3.94645,7.5713,4.80645,8.52579
BloodImage_00003.jpeg,Foreground,428,465,19,15,197.5,60.3848,0.680647,1.26667,178.531,166.425,191.013,191.549,179,200,33.6637,8,42,3.73335,7.09494,3.56124,0.771933,2.83503,3.65709,5.55741,-10.5642,-7.16548,-10.2022
BloodImage_00003.jpeg,Foreground,192,461,16,19,165,72.2843,0.396832,0.842105,173.626,174.99,196.202,196.202,191,202,30.7323,26,38,2.03495,2.8558,2.35772,0.620525,2.15878,2.36658,3.57301,-6.54923,-4.65598,-7.31072
BloodImage_00003.jpeg,Foreground,486,449,28,31,434.5,97.8406,0.570376,0.903226,172.839,174.331,190.381,190.381,183,202,24.3222,16,35,2.84932,4.1651,3.68202,0.644832,1.62182,3.1723,3.78494,7.26366,4.60328,8.94925
BloodImage_00003.jpeg,Foreground,143,440,31,40,662,146.368,0.38831,0.775,159.163,155.528,180.804,180.804,171,189,37.0662,9,51,2.81037,6.49592,2.87706,0.708175,2.15417,3.19152,4.17194,8.07615,-5.74532,7.95021
BloodImage_00003.jpeg,Foreground,603,435,29,25,442.5,84.3259,0.78199,1.16,199.931,164.812,171.36,199.931,185,216,45.8849,17,79,5.96761,14.4533,4.35163,0.772126,2.69649,3.6011,5.51348,-11.1492,8.10105,-10.0723
BloodImage_00003.jpeg,Foreground,349,433,72,47,1384.5,334.09,0.155874,1.53191,163.02,162.825,185.806,185.806,160,202,35.2597,16,57,7.77767,7.73992,4.89511,0.544498,1.83952,2.00877,2.77522,5.19222,3.96082,-5.64896
BloodImage_00003.jpeg,Foreground,82,429,18,22,166.5,66.1838,0.477663,0.818182,141.754,139.241,167.959,168.021,157,184,48.9333,41,66,5.62226,5.56644,6.54553,0.556004,1.3828,3.21724,3.59341,7.00435,4.30709,7.79551
BloodImage_00003.jpeg,Foreground,216,423,38,57,944,168.368,0.418471,0.666667,185.052,176.752,199.991,199.991,192,208,30.055,8,53,2.59797,7.98814,3.28374,0.505776,1.25465,2.15118,3.06689,-5.93143,-3.95084,5.75597
BloodImage_00003.jpeg,Foreground,186,410,43,51,982.5,188.551,0.347283,0.843137,167.895,162.972,191.89,191.89,184,202,40.0019,21,52,3.53894,5.03709,2.88948,0.639063,1.69989,3.07303,3.77315,7.44182,4.83963,7.28086
BloodImage_00003.jpeg,Foreground,90,408,58,25,803.5,171.924,0.341604,2.32,165.26,150.569,177.826,178.036,149,192,39.6933,25,53,6.65871,4.60312,5.24453,0.635281,1.58836,3.41757,3.76809,7.3633,4.58263,8.34155
BloodImage_00003.jpeg,Foreground,520,370,84,110,4204,723.269,0.100989,0.763636,168.416,158.104,182.786,183.489,151,204,36.4039,11,68,5.84508,7.91834,3.79613,0.455692,2.03917,3.68832,3.85136,-8.76864,-4.87174,7.62231
BloodImage_00003.jpeg,Foreground,623,360,17,50,548.5,116.527,0.507615,0.34,156.24,154.325,178.272,178.272,166,194,38.8109,17,55,4.67508,7.59118,4.11455,0.534148,1.25366,2.57051,3.1249,6.00827,3.8625,6.38247
BloodImage_00003.jpeg,Foreground,151,328,63,88,2475.5,400.517,0.193924,0.715909,157.75,157.051,182.359,182.359,169,198,38.3753,19,63,3.64673,6.26287,3.1481,0.574675,1.91242,2.20156,3.34733,6.18285,-5.55876,6.42703
BloodImage_00003.jpeg,Foreground,0,295,90,185,6079,913.72,0.0914989,0.486486,156.947,150.375,174.94,175.026,157,192,37.8093,9,60,3.93347,6.73182,3.27215,0.301869,0.852669,2.08792,2.42557,4.68813,2.86774,-5.47157
BloodImage_00003.jpeg,Foreground,282,271,35,60,1047.5,168.752,0.462237,0.583333,176.08,162.049,188.137,189.265,178,210,37.7525,22,53,4.11412,7.1305,3.18776,0.639533,1.68981,2.57705,3.06268,5.90399,3.94575,-6.39589
BloodImage_00003.jpeg,Foreground,313,270,159,185,6715,1125.91,0.0665653,0.859459,176.407,167.756,189.15,191.896,171,234,33.4582,3,94,6.34001,11.2159,3.77465,0.21412,0.662438,2.46087,2.29361,4.71561,2.6319,-5.03579
BloodImage_00003.jpeg,Foreground,219,264,100,101,2888,490.902,0.150598,0.990099,161.065,161.188,188.13,188.141,156,245,42.4532,12,77,11.0574,9.2967,4.52203,0.314078,1.24428,1.25498,2.15866,-3.90696,-2.78166,-4.24531
BloodImage_00003.jpeg,Foreground,420,256,125,105,3965,694.039,0.103439,1.19048,159.348,159.905,183.689,183.869,161,204,39.1542,11,62,4.5951,7.38987,3.81734,0.271827,1.06308,1.30608,2.1633,-3.91632,-2.71404,4.44388
BloodImage_00003.jpeg,Foreground,538,215,71,80,2098.5,390.576,0.172866,0.8875,187.976,163.191,179.466,190.335,167,236,35.4289,3,127,9.75029,23.4548,4.1362,0.431156,1.77126,1.9549,2.39499,4.59336,3.50646,5.06506
BloodImage_00003.jpeg,Foreground,56,210,169,116,6046,1006.86,0.074945,1.4569,151.812,147.26,174.061,174.246,156,207,41.9753,12,70,4.69552,6.91107,3.15077,0.362968,1.20314,1.75162,2.63157,4.91143,3.30021,5.0613
BloodImage_00003.jpeg,Foreground,158,208,99,61,1399,289.019,0.210462,1.62295,175.078,157.363,179.98,181.928,171,202,34.7516,7,63,4.84008,8.72721,3.25995,0.340008,0.774932,2.40555,2.64518,5.17243,3.03453,6.2025
BloodImage_00003.jpeg,Foreground,505,204,48,72,906.5,300.149,0.126445,0.666667,170.98,160.453,180.853,181.785,171,197,30.5971,8,49,5.13818,9.82086,3.12152,0.317881,0.972025,1.51005,1.97069,3.71119,2.90284,5.33276
BloodImage_00003.jpeg,Foreground,0,173,50,59,998.5,187.439,0.357141,0.847458,168.612,158.911,176.422,176.788,169,196,26.6855,9,43,4.34928,6.69247,3.29871,0.462302,1.13771,1.86735,2.6852,-6.45151,-3.69176,-4.96171
BloodImage_00003.jpeg,Foreground,322,94,171,149,7577.5,934.874,0.108951,1.14765,171.649,162.424,181.327,182.494,139,222,29.5824,2,64,7.66168,7.80552,3.94859,0.45499,1.33921,3.40062,2.36882,5.54683,3.07202,5.31865
BloodImage_00003.jpeg,Foreground,69,78,70,131,2573.5,481.286,0.139613,0.534351,148.58,139.91,168.224,168.504,158,179,44.8721,17,61,2.80464,6.25922,2.96929,0.159022,0.58713,0.855873,1.21759,2.29807,1.60185,2.62375
BloodImage_00003.jpeg,Foreground,0,77,105,121,2774.5,491.772,0.144168,0.867769,150.932,142.88,169.116,169.343,154,192,41.416,16,61,4.69891,8.36945,3.47955,0.285036,0.989835,0.948727,1.81518,3.225,2.33707,-3.65675
BloodImage_00003.jpeg,Foreground,529,65,61,68,1847.5,309.321,0.242648,0.897059,164.673,159.931,174.602,175.467,145,193,24.3942,0,48,9.9787,11.108,3.45234,0.606849,2.00017,2.47305,3.14455,5.9568,4.20097,6.85457
BloodImage_00003.jpeg,Foreground,153,56,165,152,11029.5,1273.55,0.0854542,1.08553,206.627,129.508,142.747,206.627,165,239,94.673,17,133,10.0315,16.2486,4.92781,0.509219,2.59861,2.58958,3.44768,-6.58773,4.89903,-6.65041
BloodImage_00003.jpeg,Foreground,0,41,70,42,1278.5,264.836,0.229065,1.66667,146.547,143.057,166.852,166.853,153,180,39.8116,17,59,3.25504,8.79516,3.60192,0.369261,1.05171,1.72347,2.14106,4.16756,2.95704,-4.30002
BloodImage_00003.jpeg,Foreground,104,37,51,33,913,193.137,0.307574,1.54545,154.605,144.67,171.72,171.72,166,182,40.8491,17,61,2.91258,6.70516,2.68317,0.712011,2.23747,2.92894,4.76926,8.69504,-6.09241,8.88159
BloodImage_00003.jpeg,Foreground,554,0,52,84,1438,293.764,0.209397,0.619048,167.125,156.928,176.584,179.141,150,202,32.7669,4,76,7.11535,10.6185,4.71735,0.419524,1.2763,1.63242,3.62576,-6.25486,-4.27194,-8.34856
BloodImage_00003.jpeg,Foreground,420,0,157,78,3881,734.122,0.0904934,2.01282,168.267,163.148,180.894,181.366,167,212,27.5266,3,54,5.79066,10.28,3.48183,0.230725,0.751172,1.20089,1.50321,2.88203,1.91175,3.32303
BloodImage_00003.jpeg,Foreground,271,0,137,55,3644.5,416.635,0.263838,2.49091,155.261,150.525,173.613,173.716,145,217,38.2201,8,79,7.73455,10.9243,3.9949,0.420904,1.05847,1.43848,1.67935,3.23882,2.2098,4.5367
BloodImage_00003.jpeg,Foreground,139,0,63,28,900,156.711,0.460527,2.25,166.941,156.273,175.116,175.238,165,184,27.6636,9,40,2.66614,5.83629,3.47415,0.603611,1.50026,2.80878,3.7247,7.1677,5.16648,7.11895
BloodImage_00003.jpeg,Foreground,64,0,31,18,187.5,113.983,0.181356,1.72222,134.903,137.388,165.646,165.646,161,177,49.1519,36,66,2.91528,7.24162,2.90685,0.485643,1.21464,2.22634,2.94741,5.64128,4.61422,5.73927
BloodImage_00003.jpeg,Background,297,465,7,5,15.5,15.8995,0.770504,1.4,204.522,205.435,201.435,205.478,203,208,5.04348,5,6,1.49984,0.203931,1.84872,0.742855,2.26023,3.35354,4.58108,8.61583,5.78482,-8.83514
BloodImage_00003.jpeg,Background,634,442,6,13,34.5,29.8995,0.484955,0.461538,182.061,182.163,181.143,184.469,178,191,7.18367,0,13,3.22048,2.9601,3.19138,0.558958,1.36832,2.39088,3.25579,6.29539,4.57073,-6.17924
BloodImage_00003.jpeg,Background,0,440,5,7,18,17.6569,0.725531,0.714286,186.074,189.037,177.778,189.037,185,196,15.1111,13,16,2.88651,0.993808,4.29406,0.727971,2.30224,2.8938,4.53415,-8.26659,-5.68846,8.7924
BloodImage_00003.jpeg,Background,15,344,14,13,98.5,44.8701,0.614799,1.07692,150.5,157.568,174.847,174.847,172,179,35.5932,27,42,1.54386,3.81397,2.6321,0.761698,2.48211,4.01939,5.31618,10.2613,6.88928,10.055
BloodImage_00003.jpeg,Background,133,332,13,14,67.5,53.0122,0.30183,0.928571,179.876,176.933,189.213,189.213,184,194,16.9213,12,23,2.09049,2.93459,3.86631,0.649295,1.87584,2.74881,3.67044,7.93488,5.73149,6.88175
BloodImage_00003.jpeg,Background,544,287,9,6,19.5,23.5563,0.441599,1.5,174.8,161.9,182.633,182.633,180,186,28.9333,22,32,1.22429,3.32599,2.36643,0.713698,2.16313,3.9619,5.33585,-10.4653,-6.4442,10.0099
BloodImage_00003.jpeg,Background,173,240,12,10,60,33.799,0.660015,1.2,169.187,166.053,181.187,181.187,179,184,21.68,17,25,1.26167,1.56767,2.61279,0.755581,2.44163,4.50963,5.02267,9.81108,6.24611,-10.2945
BloodImage_00003.jpeg,Background,618,164,6,8,16.5,22.7279,0.401397,0.75,198.444,193.222,189.852,198.444,196,202,11,9,15,1.47406,2.0548,3.47754,0.749709,2.35981,3.87745,5.31672,9.99116,6.59784,-10.1755
BloodImage_00003.jpeg,Background,77,162,6,9,24.5,26.7279,0.430969,0.666667,134.243,134.703,163.649,163.649,160,168,48.1622,45,52,1.4744,1.71659,3.62021,0.704655,2.09342,3.19621,4.39141,8.31256,5.44027,8.36168
BloodImage_00003.jpeg,Background,266,149,10,11,39,41.4558,0.285169,0.909091,209.596,130,143.14,209.596,201,215,96.8947,89,101,2.86454,2.1658,3.81021,0.564348,1.4927,2.729,3.79897,7.15299,4.63638,7.2976
BloodImage_00003.jpeg,Background,318,117,6,9,25,24.1421,0.539012,0.666667,197.722,168,186.833,197.722,190,207,38.1111,32,49,4.88542,5.38918,3.76007,0.663816,1.73555,3.26931,3.97684,7.62859,4.9283,8.05376
BloodImage_00003.jpeg,Background,303,95,12,16,91,41.4558,0.665395,0.75,192.954,167.771,182.624,193.229,181,203,33.3853,18,47,5.42274,7.8739,4.00446,0.663019,1.74312,2.73252,3.37081,6.4232,4.24527,7.66228
BloodImage_00003.jpeg,Background,241,48,8,10,38.5,29.2132,0.566908,0.8,185.686,166.373,181.137,185.686,183,189,26.4118,23,29,1.69764,1.96216,2.19958,0.75826,2.49852,4.75178,5.59786,11.1179,-7.44698,10.8222
BloodImage_00003.jpeg,Background,93,35,11,7,10,42.2843,0.0702833,1.57143,146.464,141.107,169.214,169.214,167,172,44.4286,41,58,1.20585,5.07394,2.69069,0.465269,1.32424,1.84754,2.64399,-5.1138,-3.39079,4.98544
BloodImage_00003.jpeg,Background,100,19,8,6,22.5,21.5563,0.608474,1.33333,172.938,147.906,171.656,174.5,169,182,38.8125,34,48,3.5,3.77026,3.86073,0.761561,2.51112,3.93355,5.15462,9.77355,6.59807,9.96636
BloodImage_00003.jpeg,Background,500,0,23,6,70.5,48.7279,0.373115,3.83333,143.33,153.362,173.191,173.191,168,178,44.0213,32,55,2.38469,5.07597,3.23595,0.409202,0.923,2.22138,3.04678,6.27458,-4.52146,-5.69545
BloodImage_00004.jpeg,Foreground,393,390,63,77,1909.5,390.233,0.157573,0.818182,166.2,160.871,188.943,189.014,166,255,41.1079,12,69,7.90062,10.9912,4.57523,0.533336,2.33773,2.0639,3.64906,6.6688,4.90392,-6.64402
BloodImage_00004.jpeg,Foreground,265,375,50,54,1618.5,198.409,0.516653,0.925926,178.778,177.324,196.094,196.1,182,255,27.3703,10,48,6.7179,4.80252,5.05048,0.740036,2.39514,3.34181,4.70596,-9.30697,6.29166,-8.74562
BloodImage_00004.jpeg,Foreground,487,372,97,97,3909.5,612.281,0.131048,1,172.01,166.4,185.7,185.967,173,202,28.1614,4,47,4.6674,6.42549,3.157,0.513416,1.72903,3.64807,3.91457,-7.82411,-4.90105,-7.87127
BloodImage_00004.jpeg,Foreground,86,288,22,56,235.5,170.409,0.10191,0.392857,170.625,164.007,182.935,182.935,177,190,27.6971,12,45,2.84147,10.2119,3.03997,-0.169958,-0.315943,0.938717,1.11616,2.14564,0.980998,3.15807
BloodImage_00004.jpeg,Foreground,269,281,153,199,6299,1165.65,0.0582565,0.768844,170.062,166.575,190.885,191.1,162,255,35.6304,7,68,8.87479,6.98097,4.85067,0.256708,1.57512,0.861159,1.83569,3.20229,3.10278,-3.73172
BloodImage_00004.jpeg,Foreground,147,271,25,21,312,78.4264,0.637441,1.19048,195.28,156.821,178.298,195.28,179,210,50.0954,30,66,5.13061,8.63449,3.75192,0.75448,2.32023,3.8689,4.82534,9.20285,6.05663,9.6145
BloodImage_00004.jpeg,Foreground,90,269,69,100,2394,440.274,0.155199,0.69,174.148,166.56,184.63,185.184,172,200,26.7165,0,53,5.98763,11.1013,3.30494,0.387602,1.32707,1.73053,2.22744,4.27339,3.59297,-4.49449
BloodImage_00004.jpeg,Foreground,0,226,83,167,6050,761.98,0.130942,0.497006,154.952,151.908,176.152,176.31,157,194,37.7556,0,64,4.13811,9.94178,3.0345,0.532622,1.49715,4.01333,4.44799,-8.79881,5.39272,-8.86444
BloodImage_00004.jpeg,Foreground,0,221,8,35,166.5,75.5563,0.366507,0.228571,173.517,162.217,176.241,177.034,170,189,21.399,7,35,3.44182,5.94999,3.53018,0.355326,0.782989,2.31006,2.85786,5.51555,3.53692,5.71222
BloodImage_00004.jpeg,Foreground,86,207,39,47,801.5,146.953,0.466396,0.829787,165.635,156.679,178.279,178.497,172,186,31.3353,17,48,2.88232,5.619,2.67817,0.677429,2.29154,2.49869,3.84102,-7.62404,-5.1131,-7.02418
BloodImage_00004.jpeg,Foreground,358,185,19,16,167.5,65.8406,0.485553,1.1875,159.672,151.703,175.2,175.2,170,180,34.6615,25,43,2.234,4.18033,2.63622,0.751639,2.32554,3.75833,5.22307,10.306,7.2603,9.72847
BloodImage_00004.jpeg,Foreground,617,183,23,102,1259,239.681,0.275402,0.22549,159.579,156.176,179.034,179.034,164,191,35.3541,16,57,5.19562,8.53722,4.16105,0.240737,0.552755,1.93336,2.88299,-5.40215,-3.26578,-5.49006
BloodImage_00004.jpeg,Foreground,167,171,26,34,576.5,99.8406,0.726766,0.764706,214.684,128.229,150.208,214.684,185,239,101.742,48,132,13.6652,18.8249,5.36856,0.755221,2.66299,3.24586,4.53674,9.57052,6.71814,-8.42917
BloodImage_00004.jpeg,Foreground,148,163,168,147,8811,1105.69,0.0905674,1.14286,213.457,126.374,143.697,213.457,174,247,103.465,26,147,10.5215,16.3542,4.92889,0.494487,2.24594,3.58329,3.12723,7.24251,4.31541,-6.48915
BloodImage_00004.jpeg,Foreground,382,151,22,27,357,92.5685,0.523542,0.814815,156.664,150.899,175.111,175.111,171,182,36.654,28,48,1.64617,3.7395,2.25947,0.75488,2.44027,3.36971,4.8123,10.3259,-7.06528,-8.90361
BloodImage_00004.jpeg,Foreground,518,122,77,95,2819,431.647,0.190129,0.810526,170.924,158.745,179.13,180.6,157,202,31.9192,6,88,6.53308,13.4527,4.45408,0.499196,2.22316,2.63641,3.0591,-5.94481,-4.32084,-6.30432
BloodImage_00004.jpeg,Foreground,271,118,46,65,1442,265.078,0.257886,0.707692,172.908,163.934,181.517,182.11,173,199,26.388,7,51,4.49526,9.5145,3.22126,0.45526,1.38331,2.29128,2.97642,-6.62094,-4.04454,-5.61234
BloodImage_00004.jpeg,Foreground,486,76,34,91,1750,240.451,0.380361,0.373626,155.553,153.442,177.222,177.236,165,185,37.2423,13,68,3.43217,9.38808,2.835,0.499555,1.14371,2.95616,3.51483,6.82299,4.32454,-7.02337
BloodImage_00004.jpeg,Foreground,295,66,274,257,16707,2178.65,0.0442317,1.06615,161.686,157.863,179.871,180.059,148,255,34.5173,0,85,9.27649,9.74582,3.77202,0.271872,1.14763,2.35736,1.86701,4.12957,2.46615,-4.12986
BloodImage_00004.jpeg,Foreground,358,64,16,35,328.5,92.3259,0.484282,0.457143,173.342,162.454,181.212,182.524,178,190,28.0598,14,35,2.68033,3.48002,3.45881,0.631057,1.57558,2.76659,3.2544,6.26516,4.0425,7.71315
BloodImage_00004.jpeg,Foreground,134,60,15,20,216,56.6274,0.846467,0.75,188.512,169.587,170.211,188.736,176,206,27.4421,3,56,6.87704,14.7765,5.2709,0.771907,2.55508,4.14003,5.71306,-11.3642,-7.44699,-10.6475
BloodImage_00004.jpeg,Foreground,0,46,90,149,5106,780.891,0.105223,0.604027,153.796,145.105,170.697,170.916,161,189,39.9993,13,60,3.52021,7.12414,3.34716,0.487478,1.77321,2.6138,2.8924,6.20435,4.3032,5.66272
BloodImage_00004.jpeg,Foreground,315,45,36,27,561.5,119.64,0.492958,1.33333,151.812,149.395,175.808,175.811,165,186,41.9135,28,60,2.66695,5.20077,2.85341,0.722211,2.19709,2.97989,4.25988,-7.98209,-5.43729,-8.09231
BloodImage_00004.jpeg,Foreground,438,5,48,30,807.5,143.439,0.493197,1.6,156.877,146.621,174.442,175.994,165,197,45.5173,21,75,4.63071,9.61534,3.30204,0.691032,1.92139,2.93934,3.92146,7.35346,4.90034,8.41973
BloodImage_00004.jpeg,Foreground,529,3,111,107,4910.5,679.595,0.133609,1.03738,151.105,142.579,171.576,172.286,129,241,46.9525,3,95,11.4706,9.95381,4.66292,0.54755,2.19882,2.6282,2.5985,-6.02309,3.74233,5.21709
BloodImage_00004.jpeg,Foreground,346,1,44,35,777,175.137,0.318328,1.25714,158.259,151.931,177.088,177.088,171,183,37.3852,16,58,1.81291,8.47299,2.97093,0.693366,2.20664,2.80494,3.80301,-7.1089,-4.90722,8.13617
BloodImage_00004.jpeg,Foreground,402,0,39,78,752.5,213.581,0.207297,0.5,171.647,166.112,180.745,181.504,169,197,22.8121,14,39,4.53688,4.70791,3.58039,0.131611,0.309077,1.99953,2.95321,-5.45279,-3.11119,5.92658
BloodImage_00004.jpeg,Foreground,214,0,69,63,1895,282.25,0.298918,1.09524,157.678,151.486,174.916,174.985,159,186,35.5293,12,54,3.91677,7.33814,3.47111,0.603902,2.08057,2.68056,3.33586,-7.22737,-4.37938,-6.34782
BloodImage_00004.jpeg,Foreground,46,0,95,81,3060,448.759,0.190943,1.17284,163.145,154.659,173.544,174.325,161,199,30.6253,8,62,4.95203,10.7967,3.38373,0.433561,1.90858,1.74947,2.43173,5.53176,4.30005,4.52442
BloodImage_00004.jpeg,Foreground,0,0,29,51,914.5,161.782,0.439071,0.568627,152.658,138.162,168.695,169.408,162,183,47.6569,33,64,3.33173,5.91497,2.87014,0.706476,1.9294,4.66925,5.3076,10.2965,6.3697,-11.6117
BloodImage_00004.jpeg,Background,502,477,14,3,17.5,31.8995,0.216113,4.66667,172.667,175.515,195.576,195.576,191,199,30.7576,23,40,2.33589,4.55957,3.97675,0.251338,0.561471,1.4297,1.51305,2.98447,1.80709,-4.84863
BloodImage_00004.jpeg,Background,531,476,12,4,24.5,26.2426,0.447055,3,187.316,174.289,190.395,191.632,183,198,23,16,30,3.77262,3.4641,4.4588,0.499317,1.16933,2.37719,3.15526,6.19742,5.28364,5.993
BloodImage_00004.jpeg,Background,444,467,14,13,106,44.9706,0.658657,1.07692,187.693,171.205,193.268,193.283,190,197,29.1102,17,37,1.48958,4.55107,2.8995,0.721483,2.12733,3.0333,4.43285,8.94392,-5.97948,-8.17205
BloodImage_00004.jpeg,Background,386,454,8,17,55,45.1127,0.339606,0.470588,158.419,154.122,184.338,184.338,183,187,43.2568,40,53,0.904598,2.23038,1.79358,0.602249,1.4732,3.62396,3.82514,7.55969,4.57053,-8.223
BloodImage_00004.jpeg,Background,587,443,7,7,29,20.4853,0.868408,1,192.538,194.949,189.333,195.128,186,204,7.69231,5,11,4.31562,1.2841,7.61085,0.793939,7.38615,4.64129,6.8813,-12.6445,-10.5754,-13.6725
BloodImage_00004.jpeg,Background,84,442,9,7,39.5,23.8995,0.869019,1.28571,192.784,189.255,185.294,192.784,186,202,9.78431,7,13,4.17421,1.9834,8.66156,0.783531,2.94201,4.55093,6.2716,-11.712,-7.85363,-12.1337
BloodImage_00004.jpeg,Background,0,439,6,9,29.5,23.0711,0.696461,0.666667,184.049,188.951,179.951,188.951,183,198,12.0488,12,13,3.24564,0.215409,5.08699,0.723453,2.19413,2.8806,4.22557,-8.09925,-5.53388,-7.83498
BloodImage_00004.jpeg,Background,88,430,10,9,61,29.3137,0.892068,1.11111,181.107,184.427,179.533,184.453,174,195,7.14667,5,10,5.3274,1.22956,9.8959,0.79342,3.63088,5.16031,7.39102,14.6421,9.38347,13.6691
BloodImage_00004.jpeg,Background,114,421,11,11,75.5,33.5563,0.842573,1,175.286,181.934,179.22,182.176,167,200,10.5165,0,23,8.74497,6.6636,9.55402,0.791745,3.59339,4.57697,6.99439,-13.1692,9.23578,-12.8197
BloodImage_00004.jpeg,Background,366,411,12,15,89,44.6274,0.56156,0.8,146.083,150.963,177.642,177.642,170,189,47.7156,38,54,3.92013,3.65004,5.72059,0.683472,2.05799,2.55021,3.68268,-7.01573,-4.84077,-6.89904
BloodImage_00004.jpeg,Background,181,376,10,11,37,37.4558,0.331415,0.909091,199.321,201.623,197.113,201.887,200,206,5.84906,5,10,1.34108,0.99804,1.93136,0.724767,2.34837,2.77192,4.0929,7.61831,5.41248,-7.75427
BloodImage_00004.jpeg,Background,172,371,5,6,12.5,16.2426,0.595397,0.833333,201.524,199.095,195.095,201.524,200,204,8.14286,6,9,1.00565,1.35526,2.18529,0.690695,2.16754,2.47774,3.75988,7.97608,-5.3653,6.88009
BloodImage_00004.jpeg,Background,421,322,9,11,61.5,30.7279,0.8185,0.818182,183.25,187.421,182.658,187.618,169,205,8.13158,5,17,6.85175,2.69669,10.236,0.791281,3.61897,4.46931,6.90273,13.5923,-9.11795,12.5909
BloodImage_00004.jpeg,Background,98,265,10,11,74.5,33.8995,0.814666,0.909091,158.648,150.901,173.978,173.978,167,179,34.1099,31,40,2.75752,2.21111,4.59251,0.786229,3.33539,3.77268,5.86112,10.679,7.53443,-11.8521
BloodImage_00004.jpeg,Background,11,260,4,6,10,13.6569,0.673765,0.666667,175.294,173.294,183.706,183.706,183,185,14.7647,14,15,0.570315,0.424183,1.42397,0.695127,1.92092,2.86918,3.57169,6.79589,4.56099,7.67387
BloodImage_00004.jpeg,Background,331,246,18,17,137,55.1127,0.566796,1.05882,178.677,170.497,186.615,186.615,180,194,22.3106,8,31,2.94264,5.63952,4.28146,0.646744,1.69131,2.66836,3.32984,6.40074,4.42389,-6.60413
BloodImage_00004.jpeg,Background,123,243,4,16,27.5,36.3848,0.261038,0.25,175.818,153.977,178.977,179.227,178,180,35.7955,31,38,0.70271,1.86571,2.05402,0.336896,0.744101,2.92402,3.94847,-7.41741,-4.354,-7.81197
BloodImage_00004.jpeg,Background,67,209,12,7,38.5,28.7279,0.586222,1.71429,179.808,165.615,181.5,182.269,179,188,23.2115,18,30,2.0107,3.60201,3.12487,0.678741,1.80593,3.08964,3.56608,6.89609,4.51594,-7.89663
BloodImage_00004.jpeg,Background,17,203,15,16,88.5,53.2132,0.392748,0.9375,175.735,172.805,179.726,180.283,175,186,12.5575,8,25,2.33658,4.09821,2.81766,0.634538,1.88099,2.18364,2.71261,5.21142,3.84505,5.50154
BloodImage_00004.jpeg,Background,100,189,9,10,47.5,32.3848,0.569143,0.9,182.226,170.565,181.726,183.29,179,190,17.5645,14,28,3.17951,4.22596,2.92038,0.759269,2.91502,3.44351,5.56607,-10.0866,-7.29616,-10.6485
BloodImage_00004.jpeg,Background,113,171,10,9,39.5,27.5563,0.653678,1.11111,189.192,179.904,173.154,189.192,186,194,21.6154,13,26,2.06657,2.80215,2.78647,0.77006,3.47206,3.66798,5.19732,9.72204,6.9365,9.86071
BloodImage_00004.jpeg,Background,636,158,4,13,24,27.6569,0.39429,0.307692,167.079,177.053,186.579,186.579,178,195,26.6053,22,31,3.97116,2.30034,4.40945,0.335095,0.733143,3.00205,3.7244,7.33963,4.91582,7.16925
BloodImage_00004.jpeg,Background,253,141,8,8,34.5,25.5563,0.663791,1,197.826,173.609,184.043,197.826,194,202,31.0652,18,39,2.24871,5.92123,4.41342,0.776165,2.95905,3.88725,5.63773,10.9849,7.36541,10.4154
BloodImage_00004.jpeg,Background,218,97,9,12,60.5,31.5563,0.76347,0.75,198.347,186.347,184.52,198.36,191,205,17.9067,7,27,3.38877,5.02573,4.17216,0.747097,2.23008,4.1674,5.66872,-10.5987,-6.7871,11.2235
BloodImage_00004.jpeg,Background,189,73,4,15,29.5,33.0711,0.33895,0.266667,182.239,187.239,182.261,187.239,183,192,7.8913,6,13,2.40638,1.41772,3.95276,0.226718,0.499692,2.16012,2.36665,4.63127,2.62862,5.75321
BloodImage_00004.jpeg,Background,389,70,5,8,15,18.4853,0.551631,0.625,186.875,187,183,187.667,184,194,6.29167,5,11,2.33928,1.54054,3.0777,0.757054,2.44129,6.04334,6.52443,-12.8247,-8.36777,13.377
BloodImage_00004.jpeg,Background,193,59,14,13,101,41.799,0.72644,1.07692,193.567,180.942,178.408,193.567,180,206,19.9,7,32,5.03113,6.85128,4.69396,0.754712,3.89838,2.75735,5.34744,9.54066,7.41195,-9.56049
BloodImage_00004.jpeg,Background,165,42,10,13,78,34.9706,0.801492,0.769231,183.947,185.702,178.67,188.096,181,194,12.7234,8,16,2.28812,2.40303,2.90018,0.757021,2.44344,3.36153,4.81567,-9.01922,-6.13628,9.09732
BloodImage_00004.jpeg,Background,309,25,9,10,28,28.9706,0.419232,0.9,148.39,143.244,170.561,170.561,167,175,41.122,36,54,1.95122,4.31783,3.51033,0.574929,1.37541,2.80419,3.25056,6.27933,3.96403,-7.3753
BloodImage_00004.jpeg,Background,292,24,11,10,22.5,34.3848,0.239144,1.1,150.658,144.658,174.263,174.263,172,176,43.4211,42,47,1.11648,0.990257,2.4619,0.340741,0.977717,0.962671,1.11782,2.16096,1.64576,3.09681
BloodImage_00004.jpeg,Background,315,14,7,5,17,17.6569,0.685223,1.4,150.038,138.269,170.808,170.808,164,176,48.3846,38,56,2.9745,4.81246,7.08361,0.712989,2.01366,5.25067,7.45351,-14.9329,-9.11569,13.8068
BloodImage_00004.jpeg,Background,295,12,9,11,61.5,30.7279,0.8185,0.818182,145.079,139.618,169.474,169.474,165,175,45.0132,42,48,2.47872,1.83169,3.7241,0.788334,3.19005,4.51401,6.32102,11.7652,8.01255,-12.2074
BloodImage_00004.jpeg,Background,170,9,9,21,113,52.6274,0.512701,0.428571,185.431,181.664,177.109,186.504,177,197,12.8686,5,24,3.85148,4.59581,4.04,0.537445,1.27748,2.86684,3.18919,6.21747,3.82902,-7.67063
BloodImage_00005.jpeg,Foreground,624,460,16,20,178,59.799,0.625521,0.8,164.175,156.898,181.063,181.063,171,191,34.6845,18,60,3.66576,9.18591,4.04432,0.683402,2.00306,2.4986,3.76696,7.11446,5.23591,7.00076
BloodImage_00005.jpeg,Foreground,209,457,12,23,186.5,64.0416,0.571431,0.521739,180.856,170.56,198.25,198.25,192,203,35.9167,22,47,2.53905,5.53712,2.98992,0.66357,1.71302,3.08516,3.89732,7.38872,4.75423,8.96482
BloodImage_00005.jpeg,Foreground,422,447,34,33,347,120.083,0.302395,1.0303,186.217,178.611,196.893,196.913,191,202,24.0574,9,33,1.81978,4.69352,3.12611,0.545029,1.58565,1.75682,2.65068,-5.53012,-3.75004,4.86431
BloodImage_00005.jpeg,Foreground,69,426,37,54,761.5,160.468,0.371623,0.685185,173.745,165.821,181.727,182.357,162,204,24.0576,10,57,6.35855,6.41251,5.75823,0.421978,1.05308,1.80954,2.72913,-5.00068,-3.25651,-5.99513
BloodImage_00005.jpeg,Foreground,100,412,47,55,1115.5,181.581,0.425148,0.854545,162.148,157.7,181.485,181.676,154,199,36.0587,17,49,6.5623,5.51154,4.44746,0.571991,1.37137,3.51562,4.11566,8.02558,5.15344,8.1579
BloodImage_00005.jpeg,Foreground,319,407,95,63,3055.5,419.546,0.218139,1.50794,215.042,137.453,152.503,215.042,180,244,91.3787,21,125,10.856,17.182,4.84746,0.558431,1.53469,2.64411,3.18513,6.12367,4.15126,6.59061
BloodImage_00005.jpeg,Foreground,11,406,26,25,427,81.2548,0.812717,1.04,193.658,168.946,162.457,194.167,176,213,41.4394,7,72,8.00814,14.7316,4.59262,0.787782,3.28102,3.92135,6.25504,11.3591,7.90664,11.9193
BloodImage_00005.jpeg,Foreground,438,361,120,116,8627,464.558,0.50233,1.03448,166.264,163.213,188.614,188.912,172,208,38.0059,6,62,4.88262,10.3707,3.12734,0.771835,2.92996,4.68555,5.31757,-10.3357,6.9024,-10.8864
BloodImage_00005.jpeg,Foreground,182,331,23,21,338.5,72.5269,0.808668,1.09524,201.542,155.03,167.399,201.542,184,225,58.2129,15,99,8.08248,20.85,4.88701,0.790704,4.12617,3.86638,6.40524,-12.32,8.4689,11.5471
BloodImage_00005.jpeg,Foreground,246,330,189,85,7362,575.671,0.279162,2.22353,220.796,139.662,159.759,220.797,179,253,92.8305,12,145,12.2524,23.0864,5.13182,0.332674,0.769102,2.58953,2.68427,5.32429,3.11294,6.24341
BloodImage_00005.jpeg,Foreground,198,315,42,91,1766.5,229.723,0.420644,0.461538,177.172,165.039,192.506,192.877,182,211,37.2203,8,54,3.54431,6.22568,3.25885,0.454726,1.02396,2.57948,2.84365,5.55563,3.35809,6.91435
BloodImage_00005.jpeg,Foreground,136,315,19,17,191,55.1127,0.790205,1.11765,194.177,174.181,171.163,194.27,184,202,30.5023,8,58,3.45762,11.3104,4.39793,0.755903,2.4673,3.32706,4.8102,-8.91169,-6.13138,-9.30507
BloodImage_00005.jpeg,Foreground,151,309,69,162,3021.5,550.6,0.125245,0.425926,174.036,165.01,189.185,189.667,173,207,34.5398,14,53,5.26834,6.68363,3.49511,0.157363,0.518222,0.953703,1.34382,2.56641,2.04278,-2.76271
BloodImage_00005.jpeg,Foreground,0,290,42,109,2592,353.563,0.260561,0.385321,159.714,152.779,176.562,176.838,162,194,36.3786,3,55,3.4193,10.1761,3.16389,0.534059,1.38563,2.19216,3.1536,-6.48607,-4.26112,-5.83715
BloodImage_00005.jpeg,Foreground,246,285,48,31,795,142.024,0.49528,1.54839,191.506,181.002,195.182,197.835,188,212,22.9778,8,37,4.10103,5.57507,3.442,0.653739,1.81629,2.63502,3.20996,6.17828,4.17693,6.49276
BloodImage_00005.jpeg,Foreground,485,234,82,78,2316,346.191,0.242838,1.05128,183.174,176.471,190.086,190.789,181,206,19.8916,0,43,3.30091,6.87646,3.43007,0.401732,1.1746,1.69539,2.25741,4.38816,3.41444,4.38055
BloodImage_00005.jpeg,Foreground,34,234,95,91,4603,382.818,0.394698,1.04396,168.918,164.089,183.001,183.163,164,216,29.4108,4,53,7.66104,8.98765,3.52123,0.742354,3.57397,3.21473,5.03839,-9.80037,-6.82603,-9.17691
BloodImage_00005.jpeg,Foreground,0,188,50,65,2227,226.167,0.547108,0.769231,160.065,145.54,174.048,175.372,167,201,43.911,14,64,5.08516,7.0902,3.41101,0.716418,2.6294,2.72897,3.90194,-7.36625,-5.38794,7.36958
BloodImage_00005.jpeg,Foreground,386,185,79,91,2991.5,496.6,0.152435,0.868132,165.305,160.38,183.643,183.877,173,198,35.0613,16,49,4.27067,5.64269,2.9454,0.443145,1.65228,2.92526,2.73136,5.65256,-3.62643,5.78884
BloodImage_00005.jpeg,Foreground,465,173,70,97,2516.5,358.919,0.245479,0.721649,164.75,151.492,179.048,180.512,168,198,41.9183,17,74,4.44663,9.30093,3.22407,0.43739,1.45091,1.49883,2.78245,-4.92915,-3.51542,-5.70347
BloodImage_00005.jpeg,Foreground,120,171,189,130,8372.5,1188.78,0.0744494,1.45385,163.224,153.217,180.051,180.744,155,255,40.2481,8,76,7.17467,8.14079,4.24738,0.349285,1.2167,2.0254,2.99295,5.93531,-5.2351,5.53387
BloodImage_00005.jpeg,Foreground,520,154,27,46,707.5,130.468,0.52231,0.586957,167.849,158.479,179.543,179.666,157,190,30.2291,17,52,5.72949,5.02805,3.56997,0.696964,1.95478,2.89295,3.96004,7.46896,5.07435,7.63679
BloodImage_00005.jpeg,Foreground,287,128,88,83,3217.5,444.032,0.205069,1.06024,178.466,163.792,185.252,187.873,176,214,33.191,7,66,5.10906,10.0091,3.69257,0.483392,2.82414,3.0394,3.13094,-6.57901,-4.9329,6.26133
BloodImage_00005.jpeg,Foreground,64,116,87,83,5243,277.907,0.853084,1.04819,175.502,169.571,184.303,184.698,164,210,22.8368,0,41,6.15606,6.7208,3.50403,0.794897,3.92605,4.34402,7.97242,14.6634,10.0385,14.1502
BloodImage_00005.jpeg,Foreground,545,85,90,117,7072,372.333,0.641046,0.769231,155.149,150.871,179.201,180.046,166,208,45.264,10,69,4.55746,9.25664,2.91903,0.756354,2.40013,4.07099,5.94241,11.7549,-8.6623,-10.9545
BloodImage_00005.jpeg,Foreground,0,78,86,81,2435.5,461.806,0.143509,1.06173,171.753,160.493,176.951,178.329,168,195,26.1176,4,45,4.19843,7.65427,3.21022,0.294595,1.54091,1.39445,2.11358,4.13891,-3.30409,-3.94096
BloodImage_00005.jpeg,Foreground,177,72,25,23,413.5,77.3553,0.86837,1.08696,186.105,161.603,155.9,186.458,169,206,41.7969,13,72,7.0374,15.5742,4.68633,0.780594,2.76145,4.17331,6.23204,-11.7598,-7.99705,-11.4897
BloodImage_00005.jpeg,Foreground,550,61,26,35,615,98.9117,0.789932,0.742857,165.685,167.988,164.649,169.468,148,191,10.0152,0,25,10.578,4.89026,3.19252,0.750608,2.2202,4.80322,6.09373,12.0155,7.83221,11.5683
BloodImage_00005.jpeg,Foreground,431,50,75,111,5270.5,308.777,0.694661,0.675676,171.619,155.037,176.682,177.749,163,204,32.85,9,66,5.70494,7.15586,3.24491,0.751589,2.29606,3.85832,4.94849,9.36207,6.09654,10.0213
BloodImage_00005.jpeg,Foreground,92,36,76,61,1226.5,240.208,0.267117,1.2459,166.061,156.003,174.878,175.141,162,186,28.8571,9,45,3.81207,7.42242,3.52638,0.352168,0.927075,1.43845,2.21481,-4.49571,-2.82911,-4.07005
BloodImage_00005.jpeg,Foreground,64,27,62,45,771.5,270.007,0.132983,1.37778,149.467,152.688,171.667,171.689,154,182,34.5817,14,61,4.00987,7.32187,3.84127,0.35829,0.984538,1.86455,2.13773,4.1915,2.80441,-4.47246
BloodImage_00005.jpeg,Foreground,0,20,62,26,779,179.397,0.304171,2.38462,146.892,147.593,170.581,170.581,163,181,38.3345,18,55,3.69914,8.11515,2.98079,0.53014,1.29246,2.00562,2.34998,4.52939,3.00506,-5.5945
BloodImage_00005.jpeg,Foreground,113,1,39,57,992.5,246.693,0.204939,0.684211,155.78,145.947,173.128,173.61,166,185,41.4681,21,53,3.02858,4.77636,2.74418,0.521447,1.73893,2.14154,3.10602,-5.79433,-3.97573,6.02474
BloodImage_00005.jpeg,Foreground,419,0,108,26,1625.5,275.238,0.269638,4.15385,159.762,156.216,177.91,177.918,167,188,34.1212,9,51,2.84267,6.68777,3.06397,0.319683,0.719114,1.85522,2.26064,4.34604,2.76066,-4.78106
BloodImage_00005.jpeg,Foreground,272,0,156,102,4748,771.779,0.100169,1.52941,161.528,153.077,176.974,177.405,164,195,36.835,6,66,4.92459,11.8771,3.23419,0.341073,1.20338,2.38216,3.84489,-7.19416,4.86484,-7.04789
BloodImage_00005.jpeg,Foreground,178,0,129,120,3124.5,593.085,0.111624,1.075,162.559,158.015,177.299,177.654,163,191,30.7172,7,57,4.74667,9.06733,3.11767,0.196905,0.744927,1.32078,3.65495,-6.21643,4.44105,6.41348
BloodImage_00005.jpeg,Background,240,474,12,6,41,29.3137,0.599587,2,199.164,186.527,204.273,204.418,200,209,22.3636,20,28,2.37173,1.64442,2.59841,0.624706,1.57522,2.72448,3.37374,6.44292,4.24627,-6.95001
BloodImage_00005.jpeg,Background,125,471,11,9,25.5,36.7279,0.237551,1.22222,152.419,150.07,178.256,178.256,175,182,41.2791,34,47,1.93009,4.10516,2.21407,0.598586,2.07827,1.92479,2.549,4.89551,4.16964,-4.98684
BloodImage_00005.jpeg,Background,384,462,11,10,59.5,31.5563,0.75085,1.1,206.554,164.676,188.797,206.554,196,215,51.5405,30,66,4.73384,9.35803,3.617,0.743053,2.19027,4.27485,5.55637,10.5095,6.78662,-10.8719
BloodImage_00005.jpeg,Background,141,459,13,12,75.5,40.0416,0.591743,1.08333,151.634,152.914,177.151,177.151,175,179,38.3226,34,45,1.06707,2.77532,1.53496,0.773051,3.51843,3.54467,5.33566,10.0548,7.95393,-9.8462
BloodImage_00005.jpeg,Background,229,443,11,15,62.5,39.2132,0.51077,0.733333,196.325,190.575,203.425,203.425,200,209,16.425,11,21,1.63382,2.76032,3.55352,0.503629,1.15373,3.27081,3.67284,7.15699,4.29295,-7.77393
BloodImage_00005.jpeg,Background,586,442,9,8,40,24.1421,0.862419,1.125,187.529,194.745,189.216,194.745,187,206,9.37255,7,14,4.98957,2.18696,7.16296,0.790552,3.55335,4.87297,8.01091,-14.4629,-9.82535,-15.124
BloodImage_00005.jpeg,Background,0,441,3,23,33.5,47.0711,0.189997,0.130435,184.807,181.544,182.526,186.07,173,199,7.91228,0,16,5.85755,3.18043,6.63357,-0.00447231,0.00670619,1.85933,1.94202,3.84276,1.95702,-5.59136
BloodImage_00005.jpeg,Background,279,437,9,8,21,25.799,0.396482,1.125,203.281,174.688,199.688,203.344,197,210,35.8438,28,43,3.10855,4.10875,2.63521,0.610972,1.56381,2.80916,4.00772,7.71466,5.36065,7.47948
BloodImage_00005.jpeg,Background,625,359,5,6,13,15.6569,0.666414,0.833333,201.333,197.952,194.095,201.333,198,206,9.14286,6,10,2.07785,1.20656,4.99841,0.712279,2.04196,3.14938,4.46365,-8.27157,-5.50262,9.36536
BloodImage_00005.jpeg,Background,351,333,10,9,52,28.1421,0.825086,1.11111,216.308,176.123,193.262,216.308,210,222,47.3538,38,54,3.16677,3.93966,4.83101,0.781767,3.25063,3.61276,5.50415,-11.3142,-7.59256,10.0633
BloodImage_00005.jpeg,Background,621,328,5,5,10.5,14.2426,0.650456,1,194.5,198.778,191.278,198.778,198,200,9.94444,8,12,0.628539,1.9571,1.44871,0.728723,2.21968,3.516,4.82337,-9.17214,-5.96089,-9.11833
BloodImage_00005.jpeg,Background,423,325,6,5,14,15.6569,0.717677,1.2,188.636,185.864,185.182,189.455,174,202,6.45455,0,11,8.29418,3.15836,11.8206,0.742611,2.26828,4.17415,5.21376,-11.2858,7.26087,-9.90809
BloodImage_00005.jpeg,Background,317,323,9,12,42,37.799,0.369402,0.75,207.797,182.271,196.508,207.797,198,217,31.1525,21,40,5.89392,5.70998,5.12005,0.547855,1.30056,2.92899,3.26726,6.36863,3.9486,-7.27988
BloodImage_00005.jpeg,Background,387,315,7,5,13,16.4853,0.601119,1.4,206.048,183.19,191.667,206.048,200,212,28.2857,19,33,3.35908,3.54754,3.53088,0.716118,2.17059,2.89869,3.72703,7.04249,4.81954,-8.00183
BloodImage_00005.jpeg,Background,333,311,10,7,40,24.1421,0.862419,1.42857,209.039,183.216,192.078,209.039,203,219,31.4314,20,41,3.74669,5.08074,3.74515,0.76922,2.51889,4.06099,5.24139,9.91291,6.52643,-10.4169
BloodImage_00005.jpeg,Background,396,310,5,5,10.5,16.2426,0.500133,1,197.263,184.789,196.368,197.526,194,202,16.3158,9,21,2.45739,3.4649,3.80042,0.688158,3.12647,2.35412,3.85419,6.96662,5.49087,-7.67199
BloodImage_00005.jpeg,Background,367,300,9,4,12,18.4853,0.441305,2.25,208.238,189.762,193.429,208.238,204,214,22.6667,15,29,2.11356,3.6947,4.14751,0.575442,1.38949,2.76528,3.68113,7.73284,-5.10569,6.90916
BloodImage_00005.jpeg,Background,321,294,14,20,130,55.4558,0.531201,0.7,210.697,186.929,195.968,210.697,202,220,28.6581,6,38,4.18657,6.87721,3.73896,0.694741,2.02425,2.82419,3.57865,6.949,4.94636,6.91361
BloodImage_00005.jpeg,Background,355,290,8,8,32.5,22.7279,0.790631,1,203.186,190.163,191.442,203.186,196,216,16.4651,8,24,5.30141,4.85295,4.85239,0.780421,2.88179,4.41652,6.76961,12.6095,8.40758,-12.4467
BloodImage_00005.jpeg,Background,422,279,17,6,58.5,37.8995,0.511798,2.83333,181.727,181.442,191.701,191.701,188,195,16.0909,13,22,1.45999,2.18128,3.14538,0.496528,1.13035,3.93542,4.5249,8.90422,5.51918,-8.90693
BloodImage_00005.jpeg,Background,602,271,7,15,59.5,34.7279,0.619968,0.466667,198.974,196.526,191.237,200.132,195,206,11.2895,8,19,2.74026,3.00795,3.56907,0.613222,1.48683,3.49593,4.00101,7.77766,4.86043,-8.20682
BloodImage_00005.jpeg,Background,181,252,6,8,23,19.3137,0.77483,0.75,158.125,151.031,172.875,172.875,167,179,32.2812,29,35,3.1499,1.58576,4.40071,0.754601,2.43582,4.09928,4.92003,9.46351,6.13803,-9.85019
BloodImage_00005.jpeg,Background,525,234,22,14,87,64.2843,0.264557,1.57143,181.759,175.345,186.302,187.043,182,191,17.5517,12,26,1.77333,3.45749,2.90898,0.372218,0.839244,2.00919,2.05644,4.0893,2.47714,5.94598
BloodImage_00005.jpeg,Background,483,152,21,10,86,56.2843,0.341141,2.1,192.252,166.658,186.468,192.414,183,202,33.9369,24,46,6.12257,6.70253,2.97174,0.51656,1.20104,2.72801,3.30012,6.36329,4.13292,-6.66107
BloodImage_00005.jpeg,Background,610,27,10,8,40.5,25.5563,0.779233,1.25,184.038,187.192,182.615,187.423,183,193,7.28846,5,13,2.81033,1.9249,3.51013,0.753611,2.34738,3.7451,5.30646,9.89328,6.56905,-10.1376
BloodImage_00005.jpeg,Background,634,18,6,11,34.5,25.8995,0.646318,0.545455,180.043,176.319,179.234,181.191,171,193,7.78723,0,15,5.85876,3.53063,5.07571,0.69018,1.98472,2.58051,3.54444,6.74411,4.80171,-6.77161
BloodImage_00005.jpeg,Background,591,14,11,11,77,32.9706,0.890119,1,173.685,175.076,170.641,175.815,161,193,7.56522,5,11,8.97452,1.36974,11.4603,0.794282,3.88608,4.64102,7.1665,-13.4368,-10.2123,13.1147
BloodImage_00005.jpeg,Background,297,13,6,5,15.5,15.0711,0.857538,1.2,140.957,143.696,172.13,172.13,168,176,46.1739,43,49,2.17304,1.97048,2.98516,0.788025,3.31124,4.49662,5.9162,11.1599,7.57317,11.5233
BloodImage_00005.jpeg,Background,209,10,7,15,59,39.4558,0.476255,0.466667,182.842,172.592,179.329,184.25,178,190,16.4211,9,24,3.62057,4.50515,3.11759,0.627735,1.55264,3.79257,4.76677,9.32595,6.3605,-9.11658
BloodImage_00005.jpeg,Background,315,7,14,12,98,45.1127,0.605116,1.16667,157.513,150.581,174.265,174.265,170,179,35.3504,28,43,2.03555,3.13054,3.12968,0.77843,2.99673,4.35065,5.59999,10.7431,7.1871,10.7098
BloodImage_00005.jpeg,Background,66,7,9,8,27,26.9706,0.466438,1.125,134.821,139.795,165.718,165.718,164,169,47.8718,41,53,1.51824,2.875,1.96351,0.760312,3.085,3.25034,4.91718,9.01016,6.49085,9.69156
BloodImage_00006.jpeg,Foreground,58,439,35,33,563,135.681,0.384307,1.06061,168.234,160.985,181.835,181.835,176,191,29.391,4,41,2.47416,6.58551,3.70381,0.687858,2.03579,3.01937,4.68691,-8.67073,-7.07339,-8.7124
BloodImage_00006.jpeg,Foreground,557,437,30,43,427.5,143.64,0.260374,0.697674,157.446,155.558,181.67,181.67,173,186,38.3422,21,49,2.58247,4.39091,2.8509,0.457954,1.06467,2.4162,2.73108,5.32141,3.35764,5.87013
BloodImage_00006.jpeg,Foreground,0,386,58,52,1329,246.794,0.274199,1.11538,161.769,149.724,176.652,177.593,165,206,40.9666,25,63,5.59026,6.47463,2.93836,0.525026,1.61214,2.12255,2.82754,-5.37668,-3.65921,5.57207
BloodImage_00006.jpeg,Foreground,552,381,88,45,1335.5,317.262,0.166732,1.95556,178.913,156.554,186.683,188.345,179,211,43.0722,24,62,4.85706,5.93794,3.296,0.325959,0.988902,1.15799,1.77061,3.6856,3.67161,3.26403
BloodImage_00006.jpeg,Foreground,469,378,56,102,1794,317.706,0.223348,0.54902,169.117,162.929,185.694,188.458,170,205,37.9139,4,99,4.84411,14.1658,4.01258,0.205284,0.470199,2.35204,3.11012,7.63523,-3.96394,-5.84125
BloodImage_00006.jpeg,Foreground,88,364,138,116,6386.5,762.624,0.137991,1.18966,178.294,164.804,188.761,189.668,152,216,34.2554,7,58,8.13994,7.31821,3.75705,0.487889,2.22118,2.02865,2.67571,5.05539,3.7863,5.4902
BloodImage_00006.jpeg,Foreground,479,350,26,25,309,82.0833,0.576314,1.04,183.558,175.029,190.953,191.648,187,204,22.5,8,32,2.66351,4.19024,3.34527,0.730851,3.34893,2.623,4.72215,8.40159,-6.45739,-9.14802
BloodImage_00006.jpeg,Foreground,367,335,96,124,8363,380.676,0.725205,0.774194,165.724,162.519,190.871,190.929,175,206,40.3365,13,58,3.8192,8.31828,3.00725,0.764789,2.47081,3.72567,4.86555,9.1666,6.11014,-9.96436
BloodImage_00006.jpeg,Foreground,501,330,56,56,1366,187.48,0.488371,1,186.702,160.455,187.077,192.61,179,220,42.3827,13,71,7.99635,10.4841,3.74187,0.569189,1.36322,2.58382,2.98326,5.7732,3.698,6.53528
BloodImage_00006.jpeg,Foreground,0,317,19,55,538,136.426,0.363241,0.345455,180.408,161.879,178.897,183.148,170,197,29.7604,10,49,5.38406,8.41751,3.3887,0.384388,0.883173,1.86913,2.13171,4.1322,2.57339,5.85651
BloodImage_00006.jpeg,Foreground,227,306,139,130,10674.5,435.144,0.70842,1.06923,171.644,166.87,192.952,193.528,178,244,38.9467,8,75,7.24182,9.59066,3.15216,0.690086,1.80441,4.99169,5.64511,10.9748,6.59041,11.6112
BloodImage_00006.jpeg,Foreground,598,295,42,69,1150.5,188.752,0.4058,0.608696,169.013,158.558,181.329,181.406,171,193,32.4456,16,53,3.1984,6.49365,3.40972,0.56253,1.4267,2.3807,3.34215,7.37059,-4.26642,-6.20459
BloodImage_00006.jpeg,Foreground,191,263,20,36,423,94.7696,0.591851,0.555556,209.539,132.442,141.112,209.539,197,221,93.7618,74,105,4.23956,6.7919,3.73642,0.647281,1.71104,2.67305,3.86808,-7.82573,-5.25971,7.14802
BloodImage_00006.jpeg,Foreground,189,232,16,19,182.5,54.8701,0.761731,0.842105,205.29,127.029,131.295,205.29,195,214,97.4493,80,110,3.68612,6.02459,3.76638,0.774925,2.91144,3.34763,5.10765,9.56098,7.01831,9.43007
BloodImage_00006.jpeg,Foreground,223,223,55,77,2521,228.108,0.60884,0.714286,209.117,124.749,136.893,209.117,181,233,102.554,25,129,7.25056,18.227,4.02289,0.718564,2.00997,4.1187,5.04422,9.96437,6.4115,-9.67693
BloodImage_00006.jpeg,Foreground,493,220,147,93,4728,897.803,0.0737098,1.58065,160.897,154.148,179.722,179.812,158,201,37.636,16,57,4.49493,7.52094,3.08785,0.361317,1.4335,2.92504,3.02693,6.16893,3.85877,6.13896
BloodImage_00006.jpeg,Foreground,0,218,57,61,1575,208.51,0.455238,0.934426,156.236,147.248,173.361,173.992,164,187,40.3779,14,71,3.33303,9.48221,3.34065,0.620137,1.6247,2.47425,3.27241,6.28473,4.34297,-6.30842
BloodImage_00006.jpeg,Foreground,72,214,22,24,375.5,74.5269,0.849559,0.916667,191.689,162.88,162.247,192.064,175,210,42.3423,6,83,8.97243,19.0802,4.55227,0.780545,3.09483,3.53315,5.9607,-10.8413,-7.74246,-10.8763
BloodImage_00006.jpeg,Foreground,133,193,99,152,5242.5,661.938,0.150353,0.651316,209.515,133.49,147.067,209.515,168,240,92.1473,25,125,10.1024,15.9582,4.03943,0.325346,1.24304,1.3782,1.90831,3.79658,2.9977,-3.63646
BloodImage_00006.jpeg,Foreground,248,165,43,61,1496.5,184.409,0.552996,0.704918,173.019,155.89,182.462,182.971,171,202,37.9886,21,51,6.00411,6.37574,3.22557,0.676743,1.75799,4.89,5.49416,10.7944,6.37327,10.8895
BloodImage_00006.jpeg,Foreground,380,161,158,72,4237.5,620.482,0.138312,2.19444,162.682,157.212,179.013,180.183,168,200,34.2897,4,73,5.18754,8.04834,3.11707,0.344844,0.922875,1.65308,1.86062,3.62916,2.34051,4.25797
BloodImage_00006.jpeg,Foreground,35,154,39,58,890,185.622,0.324593,0.672414,154.065,147.085,172.308,172.453,165,183,38.0642,16,52,3.13423,6.47083,3.18508,0.528637,1.31078,2.82646,2.91009,5.7936,3.65049,6.36286
BloodImage_00006.jpeg,Foreground,99,132,132,85,4014.5,521.428,0.185546,1.55294,166.33,143.159,171.36,178.48,158,208,50.405,18,94,8.95761,11.0866,3.44723,0.364583,1.16904,1.41577,2.257,-4.272,-2.91793,-4.21902
BloodImage_00006.jpeg,Foreground,304,114,68,69,1328,325.421,0.157585,0.985507,179.882,170.86,187.217,188.118,180,198,23.8708,5,44,3.37679,6.72129,2.9295,0.257887,1.06714,1.38325,2.0791,-4.04944,-3.662,-3.89802
BloodImage_00006.jpeg,Foreground,510,104,120,143,3177.5,599.796,0.110991,0.839161,176.172,158.948,182.942,185.224,172,208,36.1897,11,54,5.83647,6.40988,3.28493,0.130001,0.321535,2.20914,3.22839,-6.42517,-3.79952,5.97263
BloodImage_00006.jpeg,Foreground,622,91,18,82,757,185.397,0.276758,0.219512,176.918,169.425,185.46,185.553,176,194,22.867,12,34,2.90836,3.65448,3.28597,0.268552,0.609327,1.63812,2.19341,4.20955,2.90586,4.32502
BloodImage_00006.jpeg,Foreground,495,78,17,22,190,68.7696,0.50486,0.772727,164.145,156.491,178.177,178.177,173,183,31.0409,26,40,2.04949,2.84815,3.64073,0.746828,2.3241,3.52964,4.64631,8.8843,6.45396,-8.88531
BloodImage_00006.jpeg,Foreground,548,65,30,40,887,124.225,0.722292,0.75,162.782,155.613,167.971,168.3,146,196,20.0627,3,36,11.4877,7.09996,3.27902,0.757766,2.4268,3.73746,5.01391,-9.56708,-6.26441,9.51613
BloodImage_00006.jpeg,Foreground,0,63,125,104,4491,706.465,0.113076,1.20192,157.83,143.97,171.509,172.948,158,225,43.3228,9,70,8.25305,8.51753,3.68895,0.467986,2.04234,2.3893,2.69803,-5.63177,-4.14317,5.28109
BloodImage_00006.jpeg,Foreground,492,49,21,17,214,65.1127,0.634296,1.23529,175.354,158.342,181.177,182.198,176,197,33.3457,21,45,3.29141,4.71097,3.58041,0.704734,1.93841,3.39757,4.51678,-9.12133,-5.68774,-8.48526
BloodImage_00006.jpeg,Foreground,368,49,75,99,3159.5,395.203,0.254207,0.757576,156.219,151.998,176.756,176.76,161,187,37.6864,14,59,3.75195,6.99046,2.61143,0.507221,1.75466,2.18913,3.02467,-5.67013,-4.03248,-6.02581
BloodImage_00006.jpeg,Foreground,516,4,91,93,2268.5,369.605,0.208676,0.978495,183.845,171.465,185.626,187.819,162,211,22.2133,0,44,5.1224,6.81255,4.65969,0.287959,1.06294,1.20185,1.97836,-3.579,-2.51393,-4.23071
BloodImage_00006.jpeg,Foreground,628,0,12,24,155,62.1421,0.504393,0.5,155.011,148.216,175.103,175.103,166,191,42.3189,28,62,5.15125,9.41941,4.04834,0.575262,1.43779,2.18541,2.71054,5.15917,3.43563,-6.41786
BloodImage_00006.jpeg,Foreground,446,0,49,52,1165.5,244.551,0.244896,0.942308,159.81,145.804,175.077,176.843,165,195,45.7044,28,58,5.79094,4.64772,3.06266,0.652908,2.14742,2.21332,3.88947,-7.00524,-5.02362,7.23627
BloodImage_00006.jpeg,Foreground,388,0,49,79,1206.5,286.693,0.18446,0.620253,145.656,148.565,176.203,176.203,170,185,45.7935,28,61,2.84711,5.29081,2.36042,0.237099,0.600397,1.50914,1.71495,3.34009,2.12211,-3.94324
BloodImage_00006.jpeg,Foreground,339,0,25,24,448,83.4558,0.808303,1.04167,189.353,164.31,155.117,189.93,175,204,46.2875,17,79,6.3193,16.4325,4.14364,0.789237,4.80105,3.90761,5.89257,10.8463,8.32814,11.1226
BloodImage_00006.jpeg,Foreground,220,0,93,152,6512.5,828.164,0.119323,0.611842,160.029,149.233,175.609,176.772,164,219,40.8486,6,90,5.73878,11.3957,3.11959,0.376757,1.32924,2.43646,3.3071,-6.47349,-4.00328,6.24353
BloodImage_00006.jpeg,Foreground,100,0,88,45,2324,274.108,0.38869,1.95556,154.614,143.767,169.236,169.796,157,183,40.2894,12,71,4.19229,9.07585,2.95252,0.534444,1.485,2.15079,3.06022,-5.91557,-3.92067,-5.74834
BloodImage_00006.jpeg,Background,544,460,8,20,77,45.799,0.461306,0.4,180.071,161.122,184.255,185.184,180,191,33.1224,19,41,1.96056,5.16714,3.22095,0.60757,1.47302,3.12026,3.67327,7.08104,4.46943,7.72307
BloodImage_00006.jpeg,Background,42,453,12,13,57,40.2843,0.441381,0.923077,148.743,151.243,174.716,174.716,171,178,38.3108,34,45,1.81227,2.80889,2.82002,0.69617,2.02956,2.81419,3.91436,7.67961,5.99281,-7.31591
BloodImage_00006.jpeg,Background,522,450,9,9,38.5,25.5563,0.740752,1,161.12,158.14,179.76,179.76,174,184,30.96,28,34,2.99038,2.00958,4.43932,0.684757,1.79407,3.35601,4.09839,7.82918,5.01599,-8.7181
BloodImage_00006.jpeg,Background,507,446,9,8,34,26.9706,0.587366,1.125,158.804,160.348,182.37,182.37,178,186,33.3043,30,37,2.19048,2.00943,3.14407,0.740139,2.4108,3.09116,4.85641,9.949,6.76342,8.83145
BloodImage_00006.jpeg,Background,49,443,7,6,13,19.3137,0.437947,1.16667,148.091,150.5,173.955,173.955,171,178,38.6364,29,46,1.91827,4.37499,4.22116,0.697912,2.36195,2.99757,3.64907,7.12283,4.87701,7.12299
BloodImage_00006.jpeg,Background,585,442,9,9,48,27.3137,0.808518,1,135.656,146.852,176.377,176.377,171,183,58.9344,54,63,2.91499,1.85427,5.78333,0.789925,3.68072,5.03352,6.75044,-14.4003,-8.77704,-12.6425
BloodImage_00006.jpeg,Background,0,440,5,6,13,15.6569,0.666414,0.833333,132.952,141,169.619,169.619,166,173,55.2381,49,63,2.12639,4.11623,3.20572,0.716975,2.19099,3.16852,4.1219,7.76902,5.42527,8.79603
BloodImage_00006.jpeg,Background,635,421,5,9,14,24.4853,0.293446,0.555556,170.692,146.769,181.769,181.769,178,184,49.2692,49,50,1.88736,0.44356,3.91024,0.49445,1.19125,2.25013,2.97177,5.6582,3.87879,5.84884
BloodImage_00006.jpeg,Background,526,419,9,14,64,38.6274,0.539012,0.642857,169.062,163.309,184.062,184.062,180,187,28.8519,25,32,1.49357,1.07853,2.32092,0.700518,1.90413,3.37962,4.29041,8.12545,5.24445,10.0924
BloodImage_00006.jpeg,Background,589,408,25,16,91.5,102.811,0.10878,1.5625,156.785,149.778,182.837,182.837,178,189,46.2889,41,56,2.48613,3.44667,3.35373,0.263972,0.648484,1.94142,1.68737,3.50179,2.01703,-5.52952
BloodImage_00006.jpeg,Background,68,392,13,14,109.5,41.2132,0.810124,0.928571,180.531,168.898,184.914,186.375,181,196,24.1875,17,32,3.73957,3.55701,3.44629,0.777213,3.34723,3.22422,5.72284,10.3731,8.0655,-10.3235
BloodImage_00006.jpeg,Background,460,343,12,21,101.5,65.0122,0.301777,0.571429,187.233,181.38,193.512,193.674,188,199,16.3798,5,22,2.47519,4.79695,3.45406,0.606093,1.51959,2.70179,3.43794,6.64741,4.64993,-6.66979
BloodImage_00006.jpeg,Background,471,324,27,13,110.5,67.3553,0.306075,2.07692,197.936,188.514,194.786,198.6,191,207,12.8857,6,24,3.86153,5.10194,3.48155,0.314883,0.722559,1.87855,2.67772,6.42804,-3.4753,4.9561
BloodImage_00006.jpeg,Background,421,323,9,8,47.5,25.8995,0.889858,1.125,184.8,187.783,183.767,188.117,174,200,7.6,3,15,5.45311,2.70308,10.5295,0.789722,3.18031,4.71564,6.80852,-12.5746,-8.44779,-13.4378
BloodImage_00006.jpeg,Background,263,304,9,14,73.5,35.5563,0.730572,0.642857,206.333,173.067,188.078,206.333,198,219,41.0111,27,55,4.73052,7.41094,4.05737,0.689169,1.80942,3.96638,5.1642,-9.73092,-6.0718,10.8204
BloodImage_00006.jpeg,Background,631,287,9,17,68,42.9706,0.462782,0.529412,162.784,154.625,175.784,175.784,167,183,30.7727,27,35,4.48596,2.1728,2.22237,0.612301,1.58327,2.33439,3.0122,5.69898,3.86785,-6.29567
BloodImage_00006.jpeg,Background,404,282,8,7,37.5,23.0711,0.885331,1.14286,197.796,199.327,195,199.551,195,205,5.57143,5,7,2.4913,0.534522,3.73419,0.787931,3.33034,4.40726,7.2897,13.331,-8.98587,13.2533
BloodImage_00006.jpeg,Background,440,268,6,8,27.5,19.8995,0.872687,0.75,202.486,197.054,193.865,202.486,199,208,10.9459,9,15,1.67044,1.78501,3.78899,0.761478,2.52523,3.27289,4.77407,9.04124,6.4322,-8.88307
BloodImage_00006.jpeg,Background,124,233,6,10,35,24.4853,0.733614,0.6,194.489,165.362,178.149,194.489,185,201,38.0638,23,46,2.78195,5.43199,4.86616,0.726791,2.0471,4.46197,5.99154,-11.3515,-7.10324,11.3876
BloodImage_00006.jpeg,Background,228,198,9,10,29,26.9706,0.500989,0.9,195.073,145.561,173.683,195.073,185,201,64.6341,48,72,4.14017,5.98272,3.21507,0.585034,1.393,3.27304,3.76264,7.29509,4.56122,7.87388
BloodImage_00006.jpeg,Background,453,117,10,14,22.5,47.6985,0.124275,0.714286,143.279,146.047,176.512,176.512,173,178,50.2093,45,58,1.31842,4.34318,2.40245,0.104125,0.458597,0.646652,1.07257,1.97365,1.43509,-2.31212
BloodImage_00006.jpeg,Background,460,94,11,13,66,45.4558,0.401397,0.846154,140.128,146.267,174.558,174.558,173,177,50.4535,42,59,1.23519,4.93365,1.67361,0.655352,1.95631,2.31762,3.23329,6.01108,4.21856,-6.99419
BloodImage_00006.jpeg,Background,190,90,5,7,14,18.4853,0.514856,0.714286,195.043,190.522,183.478,195.043,192,198,15.0435,10,19,1.48846,2.38616,4.82393,0.686977,2.12052,2.65362,4.12049,-7.51964,-5.25886,8.14059
BloodImage_00006.jpeg,Background,530,59,12,19,116,50.2843,0.576506,0.631579,179.906,167.63,184.254,184.254,179,189,23.0072,12,27,1.89607,3.47766,2.43923,0.681024,1.79497,3.12169,3.80841,7.28117,4.74228,-8.00203
BloodImage_00006.jpeg,Background,66,7,6,7,11,20.1421,0.340715,0.857143,178.3,184.4,177.7,184.4,182,186,9.4,8,10,1.15758,0.916515,1.62711,0.61464,2.11305,2.22412,2.70132,5.17386,3.76621,-5.84145
BloodImage_00008.jpeg,Foreground,49,443,15,28,150,78.4264,0.306462,0.535714,146.082,149.114,173.168,173.168,169,178,40.7174,35,52,1.74109,3.95443,1.95543,0.591265,1.50833,2.47138,3.29206,6.33532,-5.65678,6.3138
BloodImage_00008.jpeg,Foreground,454,414,42,66,1138.5,188.409,0.403031,0.636364,158.393,158.367,186.362,186.362,174,200,42.6563,21,64,4.5168,8.62827,3.52728,0.518195,1.25265,2.47886,2.84607,5.54658,3.67223,5.90546
BloodImage_00008.jpeg,Foreground,170,412,195,68,5059,917.921,0.0754508,2.86765,174.223,168.628,192.876,193.305,179,211,35.3402,7,60,4.96958,9.92356,3.21096,0.210661,0.60445,1.73554,2.21933,4.3626,2.98165,4.33295
BloodImage_00008.jpeg,Foreground,0,411,39,27,622,131.882,0.449394,1.44444,171.654,156.898,179.172,179.92,175,191,32.5611,16,43,2.98837,5.01209,3.01417,0.689482,2.01724,2.69578,3.5935,6.9234,4.74595,6.85872
BloodImage_00008.jpeg,Foreground,91,395,56,85,1884,259.907,0.350474,0.658824,171.607,154.372,181.269,182.348,156,217,39.4521,14,67,6.78706,8.04907,3.83098,0.493091,1.13207,3.05407,3.79853,7.53949,5.46599,-7.28293
BloodImage_00008.jpeg,Foreground,399,386,36,17,219.5,112.669,0.217288,2.11765,185.607,184.185,199.104,199.104,192,205,20.3556,14,27,2.32466,2.78612,3.41991,0.291858,0.733302,1.55084,2.12622,4.11127,2.80684,4.11934
BloodImage_00008.jpeg,Foreground,44,366,54,46,1184.5,185.581,0.432194,1.17391,163.608,150.885,176.03,177.839,166,202,39.1812,14,62,5.61763,7.15811,3.34003,0.677685,2.02515,2.71435,3.6198,6.86812,4.65727,7.03971
BloodImage_00008.jpeg,Foreground,160,354,26,17,224,70.7696,0.562037,1.52941,213.267,153.937,175.737,213.267,191,236,70.3686,24,108,9.12094,19.1961,5.47431,0.62365,1.59975,2.47094,2.9644,5.6927,3.83742,-6.34259
BloodImage_00008.jpeg,Foreground,375,342,20,51,606.5,124.811,0.489253,0.392157,175.401,170.151,190.79,190.79,180,201,28.1876,13,37,4.56716,4.72204,3.50903,0.536558,1.24332,2.85872,3.36013,6.49563,4.09704,-6.94272
BloodImage_00008.jpeg,Foreground,190,338,24,26,207.5,101.154,0.254835,0.923077,211.048,160.761,178.53,211.048,195,228,60.5618,34,80,6.90038,11.2079,4.88945,0.43396,2.10254,1.6158,2.92587,-5.55162,4.81465,-5.24383
BloodImage_00008.jpeg,Foreground,244,337,21,41,272,132.995,0.193245,0.512195,166.945,161.849,191.178,191.178,185,199,42.6123,35,52,3.46483,3.67744,2.64593,0.387353,0.888322,1.87752,2.02763,3.98024,2.47399,5.86909
BloodImage_00008.jpeg,Foreground,413,335,22,18,161,75.2548,0.357246,1.22222,170.456,166.316,191.648,191.648,188,199,34.6166,29,44,2.23496,3.99328,2.76054,0.59594,1.4349,3.20573,3.98993,7.77027,5.15776,-7.7104
BloodImage_00008.jpeg,Foreground,351,335,14,30,158,82.0833,0.294685,0.466667,188.14,177.959,198.212,198.244,193,205,26.0622,18,33,2.35409,3.21368,2.76477,0.52307,1.35714,1.91755,2.86519,6.50166,-4.02644,-5.25726
BloodImage_00008.jpeg,Foreground,492,322,35,20,452,89.598,0.707541,1.75,181.171,172.165,188.425,188.992,182,199,22.9045,15,37,2.91198,4.49808,3.0903,0.720983,1.9931,4.64411,5.92198,11.5197,7.44779,11.2631
BloodImage_00008.jpeg,Foreground,77,312,96,71,2015,420.274,0.143357,1.35211,217.404,128.264,156.01,217.404,185,246,103.958,43,141,10.0497,16.9962,5.07956,0.516571,1.86496,2.3126,2.59573,5.85531,3.53558,-5.05528
BloodImage_00008.jpeg,Foreground,187,310,30,18,255.5,87.0122,0.424073,1.66667,218.031,136.633,162.224,218.031,197,234,94.8401,66,114,8.83652,10.4011,4.34653,0.56019,1.42382,2.35586,2.74237,5.29171,3.4545,-6.77908
BloodImage_00008.jpeg,Foreground,233,290,129,114,3414.5,688.85,0.0904249,1.13158,173.082,168.47,193.526,193.803,178,228,35.6698,14,56,4.53425,7.23764,3.37169,0.267285,1.49026,0.821995,1.82292,3.27893,-3.19094,-3.31428
BloodImage_00008.jpeg,Foreground,0,277,13,78,537.5,165.698,0.246009,0.166667,172.695,147.945,172.59,177.397,165,193,42.4749,20,66,5.96637,8.97176,4.78556,0.226048,0.496066,1.26947,1.36533,2.68283,1.62312,-4.36328
BloodImage_00008.jpeg,Foreground,123,274,43,51,703,176.024,0.285115,0.843137,214.754,110.317,137.581,214.754,193,237,123.55,88,149,10.1322,12.6239,4.11578,0.377586,1.03586,1.70635,2.54631,-5.10714,-3.29934,4.70419
BloodImage_00008.jpeg,Foreground,156,272,38,37,745.5,151.581,0.407727,1.02703,227.142,105.531,144.636,227.142,213,239,136.494,113,158,4.76251,9.14257,3.94528,0.693876,3.35195,2.65253,3.9772,-7.3046,5.6566,7.91762
BloodImage_00008.jpeg,Foreground,534,270,106,210,8032.5,682.08,0.216965,0.504762,171.405,167.219,186.97,187.834,165,226,32.9956,0,68,11.1716,13.7828,3.28353,0.54544,1.55382,1.82842,2.35836,4.45192,3.19301,5.99482
BloodImage_00008.jpeg,Foreground,87,270,35,40,475.5,173.924,0.197534,0.875,213.12,120.54,146.7,213.12,192,238,110.347,78,142,8.31604,14.1548,4.89462,0.512293,2.13673,2.00103,2.79136,5.36106,3.88196,5.31728
BloodImage_00008.jpeg,Foreground,9,255,64,51,1014.5,230.551,0.239843,1.2549,164.042,144.77,171.37,178.76,163,217,48.307,18,95,11.9139,14.6334,3.91778,0.471417,1.24321,1.9034,2.52497,4.85884,3.94108,-4.92562
BloodImage_00008.jpeg,Foreground,569,248,68,86,2229,338.049,0.24511,0.790698,163.439,156.614,181.17,181.544,173,198,36.5541,14,58,4.12842,8.52984,2.96008,0.441207,1.39223,2.05316,2.66573,5.99974,-3.96966,5.02762
BloodImage_00008.jpeg,Foreground,180,247,19,16,170.5,53.6985,0.743037,1.1875,221.031,103.155,139.876,221.031,206,230,135.83,109,153,5.49124,8.56972,4.95879,0.770681,3.10294,3.09969,5.21391,9.46128,6.99516,9.60432
BloodImage_00008.jpeg,Foreground,285,240,24,45,480.5,124.811,0.387611,0.533333,187.744,167.703,188.748,190.471,179,204,30.5477,13,50,5.06948,7.61878,3.03176,0.52415,1.24593,2.16625,2.56691,4.94317,3.25482,5.61385
BloodImage_00008.jpeg,Foreground,412,232,120,178,9142.5,698.423,0.235525,0.674157,158.326,154.309,181.871,182.328,138,255,43.1744,16,86,9.61708,9.8372,4.00952,0.510965,1.49307,1.81067,1.93527,3.81117,2.71415,4.74521
BloodImage_00008.jpeg,Foreground,0,231,22,25,190,108.083,0.204384,0.88,145.584,129.975,163.597,163.597,156,170,52.3992,42,61,3.65145,5.4291,2.75419,0.534522,1.42024,1.98775,2.30225,4.45055,3.02644,-5.3576
BloodImage_00008.jpeg,Foreground,629,216,11,54,305.5,116.042,0.285098,0.203704,160.626,158.006,181.59,181.59,175,191,35.4903,15,47,3.32177,6.65039,4.00873,0.33116,0.744759,1.60822,1.85541,3.59025,2.29117,-4.51728
BloodImage_00008.jpeg,Foreground,0,175,74,54,1569.5,249.179,0.31765,1.37037,165.498,141.042,171.675,174.478,165,207,48.8113,15,79,5.92621,9.53092,3.35965,0.4947,1.21974,2.40883,2.75263,5.37432,3.58362,5.71572
BloodImage_00008.jpeg,Foreground,242,148,66,72,1962.5,304.291,0.266342,0.916667,171.888,153.359,181.266,183.506,173,208,42.0655,12,72,5.39535,9.01627,3.04706,0.569781,2.1862,2.10278,3.21348,5.98939,4.54132,-6.06069
BloodImage_00008.jpeg,Foreground,199,125,30,40,559,172.51,0.236045,0.75,156.976,149.949,177.671,177.965,173,188,41.278,27,55,2.53295,5.64554,3.49513,0.675906,1.90969,3.34097,3.54546,7.01005,4.58134,-7.50275
BloodImage_00008.jpeg,Foreground,522,111,102,98,7177,379.848,0.625077,1.04082,158.806,151.702,179.646,179.917,142,255,42.0253,13,97,7.77825,10.1352,3.62143,0.782406,3.33081,3.70184,5.91879,-10.9569,-8.23788,-10.8228
BloodImage_00008.jpeg,Foreground,81,72,192,257,8569,1712.21,0.0367305,0.747082,192.151,117.859,150.101,197.453,156,234,99.8455,7,170,18.3548,39.9558,4.72782,0.093831,0.848219,0.570048,1.90501,-3.14307,-2.38294,4.44806
BloodImage_00008.jpeg,Foreground,113,57,47,43,1019.5,154.752,0.534962,1.09302,165.851,154.824,175.123,176.117,160,190,31.3339,13,61,4.38718,8.37294,3.7549,0.703812,2.16392,3.07655,3.91367,-7.52784,-5.11978,-7.5961
BloodImage_00008.jpeg,Foreground,629,54,11,61,390,129.456,0.292436,0.180328,148.403,148.962,173.684,173.684,163,192,41.0686,27,55,4.98799,4.6991,4.1651,0.254816,0.555439,2.13433,2.66492,5.13798,3.24177,5.33565
BloodImage_00008.jpeg,Foreground,420,4,22,23,282.5,74.1838,0.645076,0.956522,162.295,159.61,178.406,178.406,172,187,29.3841,17,39,2.4727,4.62654,3.57093,0.758742,2.97483,2.93457,5.05138,9.52547,6.65974,9.06944
BloodImage_00008.jpeg,Foreground,181,2,32,62,655,160.024,0.321424,0.516129,182.804,173.236,182.616,184.86,176,196,16.355,4,32,3.96583,4.9656,3.5106,0.353309,0.798056,1.91217,2.36111,4.53753,2.95269,4.88587
BloodImage_00008.jpeg,Foreground,551,0,89,97,2814.5,431.747,0.189737,0.917526,153.615,152.288,172.393,173.049,148,192,34.7439,3,64,8.06725,12.2242,3.95563,0.353314,1.03482,1.88018,2.69796,-6.0087,4.22021,4.989
BloodImage_00008.jpeg,Foreground,475,0,22,16,150,80.7696,0.288939,1.375,132.591,131.435,167.323,167.323,159,174,58.3387,48,104,3.53374,10.2898,5.28916,0.446937,1.49594,1.91777,2.59017,-5.90199,-3.48461,4.8458
BloodImage_00008.jpeg,Foreground,453,0,97,79,2899.5,464.517,0.168861,1.22785,151.471,146,175.221,175.499,164,193,46.2401,14,71,4.19694,9.14025,3.4485,0.344109,1.80403,1.45508,2.32591,-4.30608,-3.23938,4.45173
BloodImage_00008.jpeg,Foreground,369,0,48,10,272,107.799,0.294137,4.8,148.883,153.25,175.185,175.185,170,183,38.8673,31,53,2.62402,3.95316,3.13618,0.194095,0.431013,1.36864,1.46878,2.88753,1.68468,4.73937
BloodImage_00008.jpeg,Foreground,225,0,218,139,12236.5,1144.96,0.117297,1.56835,159.265,150.194,176.431,176.998,152,211,40.3391,7,99,6.12255,8.24402,3.20911,0.421245,1.2476,2.53164,2.81424,5.64539,3.4472,5.63026
BloodImage_00008.jpeg,Foreground,214,0,49,10,298,104.627,0.342086,4.9,160.193,166.316,177.934,178.092,168,187,28.3621,8,42,3.85106,8.81587,4.21723,0.31067,0.681664,2.0946,2.45834,4.74922,2.90587,5.331
BloodImage_00008.jpeg,Foreground,121,0,42,42,1066,149.397,0.600183,1,163.246,153.362,174.431,174.439,163,185,31.2542,9,43,3.62849,6.41041,3.01323,0.71151,2.16629,2.72594,3.91093,7.69436,-5.7334,-7.2565
BloodImage_00008.jpeg,Foreground,0,0,80,67,2603,438.132,0.170402,1.19403,156.442,142.988,168.236,169.118,141,185,40.7769,13,93,5.35289,10.0794,3.28154,0.541818,2.24709,3.13238,3.32589,6.57155,-4.54209,-7.12249
BloodImage_00008.jpeg,Background,388,477,14,3,21,27.6569,0.345004,4.66667,201.314,194.914,201.229,202.143,200,206,9.25714,5,16,1.82276,2.81164,2.89912,0.312757,0.682438,2.54544,3.18968,6.24008,4.15041,6.17963
BloodImage_00008.jpeg,Background,327,468,3,12,15,24.8284,0.305776,0.25,150.857,161.857,189.857,189.857,189,191,52.5714,52,53,0.989743,0.494872,2.50611,0.431702,0.966493,2.59254,2.90945,5.66788,3.45788,6.39684
BloodImage_00008.jpeg,Background,282,468,6,7,20.5,21.0711,0.580217,0.857143,158.613,164.742,192.71,192.71,190,196,45.1935,41,49,2.00312,2.74061,3.49967,0.726634,3.0648,3.21617,4.48939,-8.34529,-6.5582,-9.2657
BloodImage_00008.jpeg,Background,475,464,14,16,100.5,54.0416,0.432433,0.875,141.424,149.376,182.584,182.584,172,190,57.584,47,65,4.31219,3.59819,5.24568,0.626236,1.70345,2.31228,2.76155,5.29994,3.62687,6.38229
BloodImage_00008.jpeg,Background,82,464,9,6,14,26.9706,0.241857,1.5,149.654,149.538,177.577,177.577,177,179,41.9231,37,46,0.742816,2.60064,2.13175,0.424377,1.15516,1.87823,2.53352,5.03216,-3.61736,4.8047
BloodImage_00008.jpeg,Background,13,458,10,17,82.5,44.0416,0.534487,0.588235,164.333,151.02,174.804,174.804,172,179,34.8039,32,41,1.13793,1.69219,2.13014,0.62301,1.53123,3.42293,4.20036,8.15517,5.40445,-8.17014
BloodImage_00008.jpeg,Background,324,449,4,6,10,13.6569,0.673765,0.666667,149.529,160.529,188.529,188.529,188,191,52.9412,52,53,0.775936,0.235294,1.52941,0.683156,1.82296,3.91628,4.51763,8.96276,5.577,-8.82801
BloodImage_00008.jpeg,Background,294,438,6,6,11.5,21.0711,0.325488,1,154.818,163.909,192.545,192.545,191,195,49.9545,49,52,0.987525,1.29605,2.90056,0.546414,1.4415,2.18683,2.48369,4.82061,3.20451,-5.87833
BloodImage_00008.jpeg,Background,0,436,8,12,60.5,33.8995,0.661575,0.666667,159.662,148.792,172.117,172.247,167,181,36.3896,32,44,3.65796,3.0797,2.83653,0.71055,2.0554,2.97757,4.08879,7.64035,5.11973,8.16735
BloodImage_00008.jpeg,Background,105,416,7,14,34,33.3137,0.384984,0.5,142.48,147.92,176.14,176.14,172,179,49,43,53,1.66145,3.0133,3.05738,0.416448,0.945668,3.51519,4.07265,7.97572,4.68833,-8.06823
BloodImage_00008.jpeg,Background,82,407,17,17,115,54.2843,0.49041,1,150.144,143.05,173.144,173.144,167,177,45.1439,34,50,2.41268,3.07592,2.43421,0.609243,1.61466,2.33813,3.36037,-6.21379,-4.17067,-7.06981
BloodImage_00008.jpeg,Background,5,369,6,6,16,16.4853,0.739839,1,192.917,183.917,183.833,192.917,188,198,12,8,16,2.78263,1.91485,2.32588,0.768314,3.04655,3.32192,4.93868,-9.14595,-6.54573,9.33154
BloodImage_00008.jpeg,Background,142,360,14,19,124.5,52.8701,0.559706,0.736842,212.838,147.108,170.946,212.838,202,232,78.7703,55,92,5.51663,7.79734,4.73249,0.602708,1.52886,3.00968,3.56114,7.01024,4.99569,-6.98464
BloodImage_00008.jpeg,Background,220,340,7,6,22,18.4853,0.809059,1.16667,205.355,150.903,175.226,205.355,195,213,67.4839,35,85,4.3814,12.0319,7.73077,0.774341,2.69342,5.5504,6.60426,12.9205,7.98391,12.7695
BloodImage_00008.jpeg,Background,481,339,7,11,38.5,27.8995,0.621553,0.636364,178.788,171.5,182.577,182.692,177,189,16.9231,8,24,2.87254,4.0943,3.91572,0.667183,1.70129,4.60277,5.92001,-11.1881,-6.79295,-11.9401
BloodImage_00008.jpeg,Background,300,323,6,4,11.5,14.2426,0.712405,1.5,154.368,160.053,189.053,189.053,187,190,46.8947,45,50,0.998614,1.8323,1.66436,0.708809,1.96795,3.95384,5.38828,10.0692,6.50111,-10.7366
BloodImage_00008.jpeg,Background,171,318,6,6,16,16.4853,0.739839,1,208.792,130.125,150.667,208.792,206,213,96.1667,91,101,1.65779,2.40947,4.03027,0.768729,2.83104,3.78006,5.20385,10.9894,-7.77585,9.69637
BloodImage_00008.jpeg,Background,78,303,12,11,59,33.799,0.649015,1.09091,201.716,142.797,164.784,201.716,190,219,74.3378,48,88,5.95823,8.98238,5.21287,0.598002,1.4449,3.10561,3.80007,7.32501,4.69949,7.52734
BloodImage_00008.jpeg,Background,635,284,5,14,34,30.4853,0.459736,0.357143,160.286,163.224,180.082,180.082,177,185,28.102,21,36,2.39759,3.32121,3.01489,0.529166,1.2631,2.19219,2.70052,5.17082,3.44696,-5.63751
BloodImage_00008.jpeg,Background,74,272,5,5,10,13.6569,0.673765,1,195.765,135.588,159.059,195.765,191,202,78.3529,75,81,2.69049,1.90791,4.3106,0.71903,2.20254,3.07114,3.93442,7.47264,5.03635,-7.84836
BloodImage_00008.jpeg,Background,375,235,8,8,21.5,21.5563,0.581431,1,199.161,196.742,192.032,199.258,198,201,8.93548,5,11,0.760634,2.13927,2.26037,0.576283,1.36705,3.26295,4.08138,8.12028,5.64203,7.7979
BloodImage_00008.jpeg,Background,531,230,11,9,63.5,30.7279,0.845118,1.22222,195.026,187.526,184.59,195.179,187,205,13.7949,5,22,4.27498,4.73221,3.80087,0.763425,2.39348,4.37779,5.65442,10.6745,6.85714,11.542
BloodImage_00008.jpeg,Background,15,203,9,7,16.5,29.5563,0.237352,1.28571,157.333,131.433,169.933,169.933,169,173,57.8,56,60,0.997775,1.07703,1.50739,0.604215,2.18137,2.33086,3.91785,7.26248,5.13421,-7.14002
BloodImage_00008.jpeg,Background,459,198,7,7,23,19.3137,0.77483,1,188.875,192.594,185.375,192.594,189,197,9.65625,7,13,2.20595,2.29958,3.91262,0.783695,4.79491,4.22845,5.80355,10.8618,8.23618,-11.1957
BloodImage_00008.jpeg,Background,154,192,21,11,99.5,48.8701,0.523537,1.90909,199.843,106.14,150.57,199.843,186,209,119.488,105,134,5.56555,7.12708,4.21408,0.544811,1.31236,2.64241,3.27843,6.37388,4.45366,-6.40603
BloodImage_00008.jpeg,Background,457,183,10,10,40.5,35.2132,0.410444,1,196.036,193.518,188.589,197.018,194,202,10.875,5,19,2.40157,3.40725,3.23485,0.606108,1.75977,2.36617,3.27497,-6.38022,-4.29257,6.16374
BloodImage_00008.jpeg,Background,203,164,10,11,67.5,32.3848,0.808783,0.909091,137.976,137.268,166.5,166.5,160,177,46.3537,42,49,4.07625,1.8765,5.70581,0.791257,3.39974,5.2789,7.66697,14.5209,9.41236,14.1812
BloodImage_00008.jpeg,Background,604,85,9,5,16.5,25.8995,0.309109,1.8,176.586,173.828,183.966,183.966,182,186,14.6552,12,18,1.18853,1.64581,3.39651,0.62832,1.81798,2.96625,4.79005,-9.12822,-6.03774,8.69601
BloodImage_00009.jpeg,Foreground,408,469,39,11,263.5,86.0416,0.447274,3.54545,190.414,174.095,194.329,194.648,187,207,27.0066,8,43,3.20019,8.16845,3.63638,0.45657,1.03959,2.33485,2.94399,5.66826,3.73582,-5.82852
BloodImage_00009.jpeg,Foreground,490,467,68,13,525,145.113,0.313299,5.23077,187.439,169.153,188.487,190.914,182,203,29.1162,11,47,4.39556,5.81056,3.76419,0.329115,0.72705,2.12937,3.07034,-5.92937,-3.57727,-5.74863
BloodImage_00009.jpeg,Foreground,594,456,30,24,196.5,97.4975,0.259768,1.25,184.82,181.364,192.079,192.113,187,199,15.0711,5,22,2.49346,4.44294,2.8805,0.263429,0.60955,3.34642,4.09322,-8.55626,-4.53813,7.82025
BloodImage_00009.jpeg,Foreground,288,432,75,48,1719,350.392,0.175945,1.5625,173.985,175.073,190.981,191.558,165,224,29.2244,5,63,7.60629,8.03517,6.40369,0.422344,1.24053,2.24206,2.94438,7.08173,4.36063,5.53778
BloodImage_00009.jpeg,Foreground,136,427,54,53,1238,204.309,0.372698,1.01887,169.28,160.531,185.259,185.668,172,197,35.4234,12,56,3.1718,6.31569,3.10326,0.624224,1.84461,2.18696,3.35064,-6.28344,-4.57668,-6.25727
BloodImage_00009.jpeg,Foreground,461,419,21,29,409.5,81.3553,0.777484,0.724138,198.105,176.377,174.518,198.711,183,213,31.639,8,64,6.19701,15.3767,4.2686,0.764237,2.64339,3.21608,5.07205,-9.21663,-6.41133,10.5293
BloodImage_00009.jpeg,Foreground,101,419,23,14,186,63.1127,0.586799,1.64286,194.785,179.78,179.07,194.808,165,225,21.2336,3,51,13.3782,12.651,9.65895,0.617977,1.62391,2.68262,3.45296,6.61767,4.44809,6.74257
BloodImage_00009.jpeg,Foreground,565,417,31,31,282.5,101.983,0.34133,1,183.178,180.291,190.071,190.27,174,199,15.727,8,23,4.23187,2.86008,4.85861,0.343668,0.788432,3.21194,3.48999,6.87221,4.06513,7.27732
BloodImage_00009.jpeg,Foreground,179,415,46,65,845,200.51,0.264117,0.707692,183.211,173.702,195.049,195.331,186,207,28.8274,11,43,3.51854,6.47737,3.35134,0.267379,0.65936,1.42648,1.61511,3.14196,2.04497,-3.9164
BloodImage_00009.jpeg,Foreground,242,355,57,78,1545.5,366.919,0.144258,0.730769,173.097,174.929,196.448,196.448,186,206,32.3484,23,45,3.25627,4.57323,2.8811,0.408311,2.16021,1.81012,2.44431,4.67982,3.74463,4.7745
BloodImage_00009.jpeg,Foreground,149,350,86,74,1905,355.99,0.188899,1.16216,183.598,135.714,180.717,187.321,171,210,69.9212,16,103,7.8798,14.9028,4.7236,0.40132,1.00473,2.64138,3.735,6.9353,4.26877,-7.55592
BloodImage_00009.jpeg,Foreground,0,342,26,33,598,121.598,0.508228,0.787879,160.439,147.771,172.466,172.477,164,182,37.1896,9,58,2.96544,10.4257,3.78804,0.758323,3.2979,3.56041,4.38691,8.40828,6.05089,-8.71305
BloodImage_00009.jpeg,Foreground,590,339,50,106,2007.5,382.233,0.172667,0.471698,167.482,161.815,185.207,185.349,175,200,33.8553,18,47,3.04113,5.36186,3.23371,0.35105,0.998519,1.50845,2.72251,-4.84162,-3.22185,5.72819
BloodImage_00009.jpeg,Foreground,455,331,109,91,7470,330.877,0.857426,1.1978,154.985,150.743,180.353,181.377,171,215,47.6186,15,81,4.81723,9.72146,3.01511,0.788222,2.94817,5.19033,7.13343,-13.9878,-9.15652,-13.3044
BloodImage_00009.jpeg,Foreground,318,327,128,110,5836,980.774,0.0762408,1.16364,177.716,167.329,188.699,190.102,164,218,31.8164,4,68,7.29799,8.2346,3.95597,0.461285,2.40339,3.74395,3.65209,-7.45262,5.15851,-7.56235
BloodImage_00009.jpeg,Foreground,284,325,17,31,261,97.7401,0.343324,0.548387,184.954,182.488,199.343,199.343,193,204,22.9835,11,30,1.71991,5.11483,2.63406,0.607278,1.60431,2.29607,2.88678,5.4783,3.68911,-7.17441
BloodImage_00009.jpeg,Foreground,184,276,69,69,1722,314.676,0.218532,1,219.478,136.091,158.527,219.478,180,247,95.9795,38,133,12.1324,17.8934,4.58141,0.55286,1.6925,2.22252,2.48239,4.8544,3.42419,-5.3673
BloodImage_00009.jpeg,Foreground,109,262,30,23,324.5,109.497,0.340108,1.30435,185.29,131.193,172.544,186.07,167,206,74.7212,38,104,7.39759,15.505,5.63757,0.539735,1.94352,2.16058,3.25668,6.00682,-4.45697,6.34504
BloodImage_00009.jpeg,Foreground,581,261,59,30,899,156.711,0.460015,1.96667,179.05,170.437,186.173,186.497,178,200,22.7665,8,35,3.19122,4.75486,3.21787,0.501235,1.18321,2.36414,3.03872,5.95336,4.36888,5.84206
BloodImage_00009.jpeg,Foreground,148,258,59,59,1548,299.706,0.216566,1,219.266,127.662,149.319,219.266,190,241,105.925,62,131,9.94779,14.4587,4.23136,0.657545,2.54918,2.43743,3.90877,7.15469,6.75708,7.3545
BloodImage_00009.jpeg,Foreground,315,222,61,77,3158.5,248.836,0.641012,0.792208,160.539,155.941,181.852,181.908,160,238,38.7226,13,75,9.51502,8.19925,4.77687,0.762671,2.51317,4.22132,4.96974,9.73541,6.25629,-9.69779
BloodImage_00009.jpeg,Foreground,153,220,59,51,1230,283.078,0.192887,1.15686,210.112,142.16,158.633,210.112,182,224,82.2546,46,104,6.48737,10.602,4.46132,0.527553,1.81822,2.22884,3.30727,-6.8567,-4.3597,6.08135
BloodImage_00009.jpeg,Foreground,0,220,61,39,945.5,196.894,0.306482,1.5641,154.843,144.056,174.725,175.099,166,198,46.3567,29,60,3.99245,5.95628,2.8555,0.571626,1.41777,2.27597,2.7429,5.2556,3.481,6.16533
BloodImage_00009.jpeg,Foreground,570,218,70,37,1217.5,226.551,0.298089,1.89189,156.237,156.303,180.687,180.687,171,190,37.838,13,52,2.78493,5.70321,3.28209,0.545739,1.37158,2.2367,2.45178,4.7971,3.13759,5.94671
BloodImage_00009.jpeg,Foreground,378,208,77,74,3337,336.676,0.369949,1.04054,165.694,155.586,181.282,182.579,165,213,39.2041,8,59,6.76187,7.77872,3.19081,0.743571,3.91295,3.36931,4.05236,8.36894,6.01369,-7.77696
BloodImage_00009.jpeg,Foreground,344,179,58,32,829,156.711,0.424197,1.8125,155.362,151.938,177.972,177.972,170,188,38.3831,22,49,3.25876,4.25106,2.80377,0.598537,1.45034,4.11207,5.04079,-9.61728,-5.77703,-11.429
BloodImage_00009.jpeg,Foreground,572,178,25,34,392,106.912,0.430969,0.735294,166.433,154,181.902,182.134,176,191,39.4852,26,50,3.15329,4.63119,3.07349,0.628036,1.86462,2.20564,3.31117,-6.15696,-4.24809,6.30944
BloodImage_00009.jpeg,Foreground,33,176,134,234,7491.5,1695.2,0.0327596,0.57265,187.46,134.395,163.889,190.137,156,223,74.3003,24,122,14.0674,15.4859,4.69297,0.131997,0.749107,0.788311,1.7397,-3.00675,-2.1211,3.93113
BloodImage_00009.jpeg,Foreground,493,163,72,84,3047,331.161,0.349143,0.857143,156.704,151.271,178.914,179.154,172,195,42.4932,14,60,3.66559,9.04612,2.85409,0.661765,2.01432,2.57165,3.52405,7.78787,5.0861,6.5727
BloodImage_00009.jpeg,Foreground,168,163,50,48,1161.5,282.693,0.182641,1.04167,184.475,142.19,176.699,185.982,162,214,59.8335,22,116,7.98922,15.4279,6.18102,0.542558,2.56516,2.65829,3.76955,-7.15978,-5.89219,7.11091
BloodImage_00009.jpeg,Foreground,5,163,26,40,533.5,110.811,0.54598,0.65,187.454,158.711,159.329,187.454,174,199,41.0172,20,59,5.02764,7.82861,4.05218,0.677465,1.75798,4.39478,5.06635,9.85193,6.12254,10.122
BloodImage_00009.jpeg,Foreground,602,158,35,36,694.5,129.296,0.522046,0.972222,163.685,160.464,181.671,181.681,170,189,30.6267,8,43,3.25757,7.58028,3.13514,0.735476,3.40811,2.64194,5.42915,9.81287,7.21797,9.51349
BloodImage_00009.jpeg,Foreground,237,136,110,59,2398,439.387,0.156086,1.86441,164.665,161.065,184.664,184.664,177,194,33.964,12,58,3.11189,8.43889,2.84883,0.519001,1.66342,2.03564,3.57306,6.5053,4.45891,-6.55318
BloodImage_00009.jpeg,Foreground,223,115,40,47,564,154.51,0.296878,0.851064,165.019,157.264,179.267,179.277,173,188,31.9507,14,46,3.31491,7.64676,2.93829,0.45127,1.11707,1.80319,2.48563,4.82922,4.34538,4.74081
BloodImage_00009.jpeg,Foreground,39,105,80,88,4905.5,299.664,0.686474,0.909091,165.386,157.684,177.151,178.282,162,239,31.2683,15,71,6.24578,7.31828,3.69124,0.776429,3.25837,3.23101,5.50183,10.473,-7.78797,-9.88208
BloodImage_00009.jpeg,Foreground,461,103,92,97,3306.5,416.659,0.239341,0.948454,163.176,152.79,178.109,178.494,162,199,37.5983,13,57,4.64826,6.29314,3.12535,0.444862,1.46241,1.87942,2.81046,-5.16502,-3.57783,-5.83704
BloodImage_00009.jpeg,Foreground,329,101,94,78,2667,468.558,0.152653,1.20513,168.437,155.234,179.396,179.775,165,197,35.2887,4,56,4.38894,8.36277,3.23651,0.445349,1.21707,1.91248,2.55219,5.30007,-3.73122,-4.80575
BloodImage_00009.jpeg,Foreground,7,100,40,58,1033.5,166.125,0.470599,0.689655,167.981,152.63,172.253,173.764,165,188,31.2773,11,45,4.61582,6.56479,3.23145,0.53106,1.33926,2.09878,2.71177,5.26836,3.92899,-5.26677
BloodImage_00009.jpeg,Foreground,613,77,27,57,714,151.054,0.393228,0.473684,158.063,152.228,175.575,175.942,169,192,35.9257,20,50,3.58657,5.51354,3.10385,0.547573,1.49649,1.99121,3.13044,-5.76358,-3.88327,5.96518
BloodImage_00009.jpeg,Foreground,237,67,38,33,765.5,143.095,0.46979,1.15152,157.687,150.876,177.768,177.804,172,187,39.8582,18,59,3.23769,8.05319,2.66645,0.757594,2.4246,3.99027,5.07505,9.62779,6.40378,-10.1347
BloodImage_00009.jpeg,Foreground,546,60,26,44,723.5,121.64,0.614467,0.590909,145.347,144.244,160.964,161.151,136,181,30.5,8,46,11.1303,6.8643,3.12999,0.717647,2.0586,3.02103,4.34569,-8.8586,-5.83218,-8.03386
BloodImage_00009.jpeg,Foreground,161,35,61,108,2187,467.446,0.125776,0.564815,150.666,149.123,172.581,172.785,160,189,39.1595,9,60,5.73829,11.2504,3.23964,0.352821,1.12084,1.46769,2.23874,4.09799,2.82679,-4.87279
BloodImage_00009.jpeg,Foreground,558,34,69,88,2101.5,368.09,0.194908,0.784091,156.848,152.046,176.505,176.524,163,189,36.6454,17,54,4.47072,5.36276,2.65925,0.344954,1.18846,1.63666,2.39624,-4.94703,-3.04883,4.43207
BloodImage_00009.jpeg,Foreground,211,11,26,16,155.5,71.8406,0.378617,1.625,142.022,134.909,163.608,163.608,151,172,46.3978,39,54,4.79939,2.64429,4.0886,0.437203,1.05624,2.01879,2.91228,-5.47769,-3.50199,5.59451
BloodImage_00009.jpeg,Foreground,564,0,62,31,937,182.024,0.355378,2,144.414,149.149,175.189,175.189,152,187,45.8623,20,65,5.18922,9.08405,4.49748,0.554754,1.39994,2.44058,3.26415,-6.61071,-4.10422,6.14005
BloodImage_00009.jpeg,Foreground,452,0,93,98,3468,555.73,0.141111,0.94898,159.867,154.36,178.142,178.415,167,198,37.2278,8,64,4.54141,10.5899,3.13373,0.454735,2.70275,2.55169,2.32761,4.96372,-3.8958,4.87987
BloodImage_00009.jpeg,Foreground,379,0,62,61,1321.5,197.38,0.426257,1.01639,170.755,162.842,180.826,181.098,173,193,26.1282,8,43,3.24955,6.40128,3.50555,0.446621,1.01832,2.45401,3.28486,7.21395,-4.57462,-6.15596
BloodImage_00009.jpeg,Foreground,281,0,104,62,3069,474.617,0.171206,1.67742,149.717,146.088,171.62,172.135,145,193,43.9466,15,91,6.30837,8.93494,3.59624,0.529002,1.60028,2.33576,3.31374,-6.13868,-4.20251,7.66283
BloodImage_00009.jpeg,Foreground,246,0,29,51,825,183.196,0.30891,0.568627,150.018,142.632,170.655,170.655,161,181,42.9437,24,58,3.55482,7.00946,3.00471,0.543353,1.384,2.47802,3.21031,6.23117,4.07196,6.18164
BloodImage_00009.jpeg,Foreground,117,0,58,71,1789.5,246.149,0.371146,0.816901,148.66,143.448,171.221,171.221,160,184,43.3871,26,55,3.22992,6.02553,2.80353,0.586009,1.69038,2.03155,2.67156,5.03223,3.5502,-5.71607
BloodImage_00009.jpeg,Foreground,2,0,105,91,3522.5,487.63,0.186158,1.15385,144.999,140.358,166.959,167.009,152,180,43.9901,15,67,4.35803,6.95865,3.17398,0.365389,1.67147,1.44082,2.0213,-3.75938,-2.88057,4.5011
BloodImage_00009.jpeg,Background,475,465,8,7,32,22.4853,0.795359,1.14286,187.465,193.93,191.977,194.07,182,202,8.95349,0,17,4.64756,3.62134,8.24601,0.786452,3.32661,4.92635,6.19275,11.9051,7.86608,11.9005
BloodImage_00009.jpeg,Background,636,462,4,14,25.5,29.8995,0.358445,0.285714,166.225,172.55,187.225,187.225,178,193,28.675,23,35,4.16226,3.23564,3.79309,0.347142,0.763902,2.69493,3.41752,6.72943,4.69114,6.55372
BloodImage_00009.jpeg,Background,320,453,13,9,37.5,36.3848,0.35596,1.44444,160.296,172.056,175.222,177.167,163,199,25.037,5,39,8.56727,8.78754,11.2493,0.449985,1.24082,1.63903,2.41257,-4.79217,-3.18917,4.48575
BloodImage_00009.jpeg,Background,53,447,8,12,46,28.9706,0.688738,0.666667,199.102,190.864,186.39,199.102,192,207,16.2203,8,25,3.55916,4.5401,4.26998,0.713682,1.99586,3.28301,4.31093,8.2569,5.6751,-8.25994
BloodImage_00009.jpeg,Background,84,442,8,8,37.5,23.8995,0.825019,1,186.082,188.449,183.898,188.571,181,198,6.77551,5,17,4.23301,2.80863,8.2121,0.783776,3.58022,3.55926,6.00581,10.9512,7.96082,-10.9272
BloodImage_00009.jpeg,Background,0,439,6,8,30,21.6569,0.803786,0.75,183.78,187.78,181.78,187.78,183,194,8,8,8,2.84144,0,5.21666,0.752787,2.40844,3.354,4.80349,-9.03959,-6.18017,9.02612
BloodImage_00009.jpeg,Background,88,430,10,9,60.5,28.7279,0.921206,1.11111,189.797,182.446,175.797,189.811,178,204,18.7568,9,30,5.90391,5.20086,10.1119,0.793155,3.58756,4.80521,7.09552,13.3841,8.96937,13.0972
BloodImage_00009.jpeg,Background,595,416,8,11,33.5,35.5563,0.332982,0.727273,168.76,172.4,188.98,188.98,187,191,27.44,21,34,0.96933,3.99079,2.28175,0.646251,1.63229,3.96024,4.7846,9.32262,6.09751,9.29343
BloodImage_00009.jpeg,Background,340,370,6,15,12,51.1127,0.057721,0.4,170.529,166.147,192.529,192.529,190,195,34.8529,31,38,1.49971,2.48682,2.24553,-0.0974626,-0.0988224,0.601591,0.416929,0.926249,0.368853,2.7033
BloodImage_00009.jpeg,Background,163,368,7,7,22.5,19.8995,0.714017,1,215.969,128.031,167.312,215.969,210,218,103.844,98,108,1.66742,3.02189,3.88456,0.752051,2.43325,3.76384,5.03292,9.65209,6.68958,9.52879
BloodImage_00009.jpeg,Background,163,332,15,25,81.5,65.3553,0.239776,0.6,215.782,133.064,161.3,215.782,204,224,97.5909,76,113,4.77947,9.64016,4.36864,0.332743,0.817456,1.10139,1.34378,2.56971,1.78167,3.47476
BloodImage_00009.jpeg,Background,143,327,14,14,126.5,43.2132,0.85127,1,206.678,125.479,162.918,206.678,187,217,100.137,82,112,6.26682,7.71907,4.97972,0.782847,3.51455,3.52433,5.48286,10.0524,7.58009,10.2773
BloodImage_00009.jpeg,Background,105,324,20,12,109,57.1127,0.419924,1.66667,208.209,140.679,146.007,208.209,193,218,82.5075,66,95,6.2427,6.65655,3.66208,0.566648,1.50306,2.26304,2.95201,5.62105,3.84274,-5.86348
BloodImage_00009.jpeg,Background,421,322,9,10,59,29.3137,0.86282,0.9,185.548,188.205,183.644,188.425,172,203,6.79452,5,9,5.89617,1.03313,9.75696,0.792528,3.68999,6.01442,7.29048,-15.1759,9.13738,13.9437
BloodImage_00009.jpeg,Background,139,305,17,16,137.5,53.2132,0.610202,1.0625,191.025,128.636,171.117,191.179,173,208,83.0247,57,99,8.27752,10.4041,4.08379,0.684084,1.99178,2.60599,3.17926,6.07647,4.17783,6.91199
BloodImage_00009.jpeg,Background,121,304,10,7,39,25.3137,0.764827,1.42857,191.118,134.549,179.196,191.118,182,200,75.3137,57,88,4.74712,8.46096,5.05297,0.752872,2.37855,4.00283,5.58626,-11.6498,-8.74993,10.3814
BloodImage_00009.jpeg,Background,392,298,8,8,37.5,22.7279,0.912266,1,179.458,175.854,176,180.333,155,201,7.91667,0,19,13.1519,4.94905,8.55335,0.790194,3.35446,4.10523,6.11114,-11.3346,-7.8382,-11.412
BloodImage_00009.jpeg,Background,13,275,13,13,70,47.4558,0.390597,1,146.879,142.198,171.473,171.473,165,175,43.8571,35,50,1.97979,3.66022,2.68046,0.674568,1.83631,4.69236,5.3648,10.5206,-6.4275,10.5699
BloodImage_00009.jpeg,Background,132,221,15,18,89,61.9411,0.291502,0.833333,183.716,140.534,176.603,184.086,169,200,59.9397,44,80,8.1849,10.264,5.91683,0.42